"index","pet_id","date","activity_type","duration_minutes"
"0","9930","2023-08-01","Resting","-"
"1","3040","2023-07-24","Resting","4"
"2","2381","2023-01-11","Walking","24"
"3","3936","2022-09-15","Walking","73"
"4","8989","2023-02-06","Playing","77"
"5","627","2023-02-15","Resting","45"
"6","3132","2022-10-02","Resting","35"
"7","9988","2023-11-16","Resting","72"
"8","3735","2022-08-11","Rest","87"
"9","3035","2023-09-06","Playing","69"
"10","4339","2022-10-24","Walk","-"
"11","3686","2023-06-11","Resting","52"
"12","9230","2023-07-12","Walking","-"
"13","3223","2023-01-30","Walking","56"
"14","3612","2023-09-01","Walk","16"
"15","7393","2023-03-27","Playing","82"
"16","1001","2023-01-08","Walking","53"
"17","7267","2022-05-23","Resting","71"
"18","6725","2022-09-28","Playing","-"
"19","3225","2022-04-12","Playing","9"
"20","4238","2023-10-19","Resting","13"
"21","1956","2023-11-01","Playing","74"
"22","2058","2022-10-31","Resting","-"
"23","6332","2023-12-19","Resting","-"
"24","9689","2023-02-16","Playing","-"
"25","9419","2022-10-14","Walking","46"
"26","2178","2023-05-23","Playing","40"
"27","3001","2023-06-27","Playing","71"
"28","9689","2022-09-04","Walk","85"
"29","9769","2023-06-25","Playing","85"
"30","5468","2023-11-23","Walking","69"
"31","2549","2022-04-08","Playing","9"
"32","7956","2023-06-26","Walking","27"
"33","5747","2023-12-27","Resting","9"
"34","1382","2023-10-26","Resting","23"
"35","2869","2023-01-08","Playing","89"
"36","5975","2022-08-12","Resting","77"
"37","8805","2023-04-09","Walking","87"
"38","8244","2023-09-23","Resting","20"
"39","8007","2022-04-19","Playing","49"
"40","6103","2022-09-05","Resting","29"
"41","2882","2023-12-17","Playing","75"
"42","1297","2023-02-11","Play","51"
"43","850","2023-12-05","Resting","29"
"44","1640","2022-09-01","Resting","-"
"45","5071","2023-08-09","Walking","40"
"46","4583","2022-06-30","Playing","3"
"47","5062","2022-09-25","Resting","36"
"48","9305","2022-08-17","Resting","32"
"49","1585","2022-10-12","Resting","9"
"50","8285","2022-08-01","Walking","32"
"51","8989","2023-07-01","Resting","52"
"52","7818","2023-12-15","Walking","66"
"53","427","2022-12-31","Playing","5"
"54","9223","2023-05-20","Playing","16"
"55","1925","2023-05-24","Walking","37"
"56","7030","2022-10-28","Playing","49"
"57","9367","2023-10-22","Resting","40"
"58","3088","2022-06-23","Walking","8"
"59","2342","2023-01-25","Resting","33"
"60","9539","2023-08-19","Resting","52"
"61","4150","2023-05-18","Resting","85"
"62","4001","2023-04-12","Resting","32"
"63","1906","2022-06-27","Walking","-"
"64","585","2023-10-29","Walking","4"
"65","8226","2023-09-14","Resting","-"
"66","579","2022-11-05","Playing","33"
"67","7022","2023-11-08","Playing","14"
"68","3846","2023-12-01","Resting","19"
"69","850","2023-07-26","Resting","42"
"70","5984","2022-05-17","Playing","66"
"71","7716","2023-10-17","Playing","90"
"72","4480","2023-03-13","Playing","1"
"73","3821","2023-05-14","Resting","73"
"74","6939","2023-04-04","Resting","62"
"75","6609","2022-12-20","Play","28"
"76","5334","2022-07-11","Walking","-"
"77","9407","2023-02-11","Resting","68"
"78","1173","2023-06-28","Playing","72"
"79","3936","2023-12-22","Resting","-"
"80","8631","2023-11-11","Walking","-"
"81","4937","2023-10-20","Playing","40"
"82","3001","2023-12-26","Walk","79"
"83","2528","2022-09-24","Walking","13"
"84","7642","2023-05-10","Playing","81"
"85","579","2023-12-26","Playing","-"
"86","8840","2023-01-11","Walking","56"
"87","5919","2022-12-20","Resting","21"
"88","9466","2022-05-09","Playing","17"
"89","7117","2023-11-18","Play","83"
"90","306","2022-12-03","Playing","57"
"91","8840","2022-10-24","Playing","39"
"92","309","2022-08-06","Resting","37"
"93","3530","2023-08-27","Playing","49"
"94","7296","2023-08-13","Playing","88"
"95","9357","2022-04-27","Walking","54"
"96","4307","2023-05-26","Walking","73"
"97","8149","2022-12-01","Playing","42"
"98","83","2022-11-05","Resting","32"
"99","7818","2022-05-30","Resting","49"
"100","3988","2023-12-29","Play","33"
"101","1001","2022-08-01","Playing","34"
"102","5691","2023-02-24","Walking","32"
"103","1261","2022-08-29","Walking","21"
"104","5622","2023-10-30","Rest","48"
"105","3467","2023-10-17","Playing","74"
"106","9357","2022-11-21","Resting","11"
"107","1115","2022-04-27","Resting","20"
"108","2429","2022-05-02","Playing","-"
"109","782","2022-08-13","Walking","50"
"110","2893","2023-10-15","Playing","30"
"111","3530","2022-04-18","Walking","5"
"112","6194","2022-10-18","Walking","65"
"113","3946","2023-09-02","Walking","10"
"114","694","2022-07-21","Walking","11"
"115","8804","2023-01-15","Resting","88"
"116","8710","2022-07-13","Walking","7"
"117","5421","2022-09-19","Playing","-"
"118","4643","2023-07-12","Walking","54"
"119","8070","2022-10-02","Rest","61"
"120","4278","2022-12-24","Playing","57"
"121","5610","2022-09-04","Rest","-"
"122","9721","2022-05-11","Resting","55"
"123","7172","2023-06-14","Playing","12"
"124","7190","2022-09-04","Walk","65"
"125","8804","2023-05-31","Playing","-"
"126","1115","2022-10-28","Playing","-"
"127","5940","2022-07-29","Resting","-"
"128","2060","2022-09-13","Resting","69"
"129","782","2022-09-14","Playing","87"
"130","7022","2023-09-03","Playing","23"
"131","7706","2022-11-05","Walking","-"
"132","1888","2023-06-01","Resting","90"
"133","2733","2022-05-20","Walking","70"
"134","4339","2022-05-22","Walking","87"
"135","1345","2022-11-13","Resting","6"
"136","9578","2023-07-31","Playing","79"
"137","1772","2022-09-04","Playing","61"
"138","5823","2023-04-15","Resting","1"
"139","9356","2022-05-17","Playing","12"
"140","4937","2022-08-24","Walking","51"
"141","601","2023-12-28","Play","76"
"142","6409","2023-04-17","Walking","40"
"143","7716","2023-12-26","Playing","-"
"144","7010","2023-09-26","Walking","-"
"145","8007","2023-02-08","Resting","89"
"146","2448","2023-12-24","Walking","72"
"147","6102","2023-03-16","Walking","-"
"148","3340","2022-09-02","Resting","59"
"149","2733","2023-07-29","Playing","47"
"150","7706","2022-11-01","Resting","60"
"151","4726","2022-09-22","Walk","34"
"152","2060","2022-12-06","Walking","61"
"153","3224","2022-10-23","Playing","-"
"154","2299","2023-06-20","Resting","13"
"155","5890","2022-09-28","Resting","73"
"156","5406","2022-08-07","Resting","10"
"157","4480","2023-02-10","Resting","79"
"158","7010","2023-06-12","Playing","9"
"159","6806","2022-09-06","Walking","68"
"160","2262","2022-05-13","Resting","-"
"161","2590","2023-12-11","Play","-"
"162","5643","2023-05-31","Walking","76"
"163","6683","2022-10-18","Resting","22"
"164","9271","2023-11-01","Resting","58"
"165","1057","2022-09-14","Walking","33"
"166","7972","2022-05-24","Walking","12"
"167","9163","2022-08-19","Walking","77"
"168","6917","2022-06-13","Playing","57"
"169","9419","2022-10-11","Playing","13"
"170","6740","2023-03-25","Playing","63"
"171","2747","2022-10-30","Walking","5"
"172","5958","2022-12-21","Walking","-"
"173","9874","2023-04-22","Resting","2"
"174","5243","2023-08-16","Playing","18"
"175","4278","2023-11-16","Playing","-"
"176","9218","2022-07-11","Rest","73"
"177","1678","2023-05-15","Resting","84"
"178","3988","2022-06-17","Walking","-"
"179","2547","2023-10-22","Playing","73"
"180","7956","2022-07-11","Resting","-"
"181","1963","2022-09-02","Resting","-"
"182","6556","2023-08-15","Walking","-"
"183","5987","2022-08-20","Walking","25"
"184","1239","2023-11-14","Walking","64"
"185","1678","2023-07-02","Walking","24"
"186","6897","2022-06-03","Walking","71"
"187","5925","2023-10-21","Resting","34"
"188","6934","2023-12-23","Resting","5"
"189","9322","2023-02-15","Playing","64"
"190","473","2023-03-21","Walking","35"
"191","9445","2023-08-16","Playing","79"
"192","7936","2023-01-02","Play","57"
"193","5334","2022-09-13","Playing","37"
"194","3466","2022-12-25","Resting","51"
"195","1169","2023-01-30","Walking","22"
"196","6518","2023-01-25","Resting","85"
"197","6102","2023-09-16","Playing","14"
"198","5457","2023-05-12","Playing","10"
"199","1417","2022-10-23","Walking","33"
"200","6617","2023-08-29","Walking","8"
"201","8007","2022-09-02","Resting","60"
"202","542","2022-11-07","Playing","2"
"203","9525","2022-08-23","Walking","46"
"204","3735","2023-11-28","Walking","-"
"205","8418","2022-12-30","Walking","-"
"206","1207","2023-07-04","Playing","39"
"207","4777","2022-07-06","Resting","40"
"208","5194","2022-09-17","Walking","25"
"209","309","2022-11-11","Resting","73"
"210","1343","2022-08-27","Resting","31"
"211","2840","2023-04-15","Playing","8"
"212","1345","2022-05-12","Walking","8"
"213","4777","2023-07-22","Walking","-"
"214","2094","2022-06-01","Resting","36"
"215","8412","2023-03-14","Resting","84"
"216","6172","2023-04-04","Playing","71"
"217","4045","2023-11-18","Walking","75"
"218","4339","2023-05-13","Playing","2"
"219","1309","2023-10-31","Walking","51"
"220","6851","2022-07-13","Resting","78"
"221","5578","2023-11-23","Walking","4"
"222","5863","2023-03-13","Walking","-"
"223","8177","2022-04-02","Walking","51"
"224","5789","2023-06-17","Playing","29"
"225","83","2023-10-18","Playing","10"
"226","4584","2022-04-17","Playing","-"
"227","9988","2022-11-07","Playing","73"
"228","2287","2022-09-07","Walking","88"
"229","8903","2022-08-13","Resting","41"
"230","6480","2022-12-28","Walking","28"
"231","2415","2022-10-28","Playing","68"
"232","5699","2022-07-20","Resting","-"
"233","7515","2022-08-14","Resting","-"
"234","831","2022-09-10","Rest","-"
"235","7482","2023-01-21","Walk","90"
"236","7716","2022-04-06","Play","26"
"237","5091","2023-11-04","Walking","63"
"238","7757","2023-06-08","Resting","-"
"239","7692","2022-09-14","Walk","85"
"240","3727","2023-03-06","Walking","61"
"241","774","2023-11-09","Playing","50"
"242","9322","2023-02-10","Walking","75"
"243","1261","2023-07-26","Walking","-"
"244","6141","2023-03-14","Playing","4"
"245","7416","2023-08-30","Walking","24"
"246","2837","2022-04-10","Play","41"
"247","2898","2022-10-06","Walking","-"
"248","741","2023-01-10","Playing","36"
"249","5632","2023-09-20","Walking","-"
"250","7190","2023-07-11","Walking","61"
"251","6838","2022-10-23","Resting","39"
"252","7833","2023-05-28","Playing","-"
"253","3988","2023-08-23","Playing","36"
"254","8354","2023-05-07","Resting","-"
"255","4098","2022-05-15","Walking","22"
"256","2729","2023-09-04","Playing","50"
"257","8149","2023-11-28","Playing","27"
"258","3088","2023-07-18","Walking","4"
"259","7281","2022-04-02","Walking","64"
"260","7296","2023-05-12","Playing","76"
"261","3300","2023-03-10","Playing","62"
"262","3289","2023-12-02","Playing","56"
"263","4584","2023-10-12","Playing","-"
"264","5540","2022-04-04","Playing","33"
"265","6480","2023-10-27","Walking","5"
"266","5445","2023-01-18","Rest","46"
"267","9900","2022-10-30","Walking","82"
"268","627","2022-10-29","Resting","89"
"269","3520","2022-12-25","Playing","78"
"270","3420","2023-09-02","Walking","22"
"271","637","2023-10-26","Playing","-"
"272","3088","2022-10-15","Playing","69"
"273","5107","2022-10-30","Playing","80"
"274","7692","2022-11-22","Walking","-"
"275","7825","2023-03-14","Walking","66"
"276","7778","2023-09-03","Walking","35"
"277","1956","2022-07-25","Resting","43"
"278","2840","2022-09-14","Resting","10"
"279","5563","2023-12-21","Playing","47"
"280","542","2022-06-09","Playing","71"
"281","5457","2023-06-18","Resting","2"
"282","2058","2022-06-23","Resting","62"
"283","6194","2022-08-05","Playing","21"
"284","309","2022-11-28","Walking","-"
"285","7891","2023-04-22","Walking","9"
"286","8746","2023-03-24","Playing","48"
"287","997","2022-06-01","Play","16"
"288","5345","2022-11-17","Playing","89"
"289","6896","2022-05-25","Resting","89"
"290","9367","2023-02-17","Playing","14"
"291","5578","2023-06-02","Resting","13"
"292","8586","2023-01-19","Play","34"
"293","6467","2023-01-29","Resting","1"
"294","9115","2023-01-29","Rest","86"
"295","9452","2023-06-02","Playing","16"
"296","4073","2023-09-26","Resting","71"
"297","6683","2022-09-16","Resting","53"
"298","3001","2023-09-21","Playing","73"
"299","3856","2023-02-17","Walking","30"
"300","9244","2023-02-15","Resting","73"
"301","3220","2022-05-17","Walking","84"
"302","4643","2023-05-18","Walking","-"
"303","2144","2022-10-31","Walking","29"
"304","5334","2023-02-14","Resting","45"
"305","7766","2022-06-11","Playing","-"
"306","9874","2022-08-16","Playing","-"
"307","7190","2022-12-13","Walking","-"
"308","8455","2023-11-01","Playing","10"
"309","8349","2023-03-15","Resting","10"
"310","2415","2022-04-23","Walking","83"
"311","1441","2022-12-02","Resting","-"
"312","696","2023-11-30","Resting","70"
"313","6620","2022-10-14","Walking","72"
"314","217","2022-12-09","Walking","-"
"315","8586","2023-11-17","Resting","50"
"316","7393","2022-11-08","Resting","87"
"317","1678","2023-02-03","Resting","-"
"318","7212","2023-04-21","Resting","26"
"319","4947","2022-12-07","Resting","-"
"320","9008","2023-04-24","Resting","23"
"321","5090","2022-06-29","Resting","3"
"322","8418","2022-05-07","Walking","36"
"323","5975","2022-11-05","Rest","4"
"324","1417","2023-09-29","Walking","62"
"325","2726","2022-08-18","Playing","62"
"326","5216","2023-10-15","Walking","80"
"327","4778","2023-02-04","Walking","87"
"328","5540","2023-09-19","Playing","25"
"329","8342","2023-07-26","Play","-"
"330","8981","2022-05-24","Playing","-"
"331","2178","2023-08-01","Resting","-"
"332","1261","2023-11-08","Playing","-"
"333","3605","2022-07-03","Walking","6"
"334","3530","2023-10-27","Rest","57"
"335","997","2023-04-21","Resting","11"
"336","7030","2023-02-08","Walking","54"
"337","2898","2023-11-15","Walking","-"
"338","6919","2023-06-11","Walk","1"
"339","337","2023-12-21","Playing","32"
"340","4690","2022-11-06","Playing","79"
"341","8103","2022-08-19","Resting","8"
"342","5958","2022-11-04","Playing","66"
"343","2342","2023-05-12","Walking","51"
"344","6087","2022-07-28","Playing","20"
"345","7642","2022-12-28","Playing","-"
"346","4024","2022-12-30","Resting","51"
"347","3147","2022-11-22","Rest","69"
"348","3026","2022-08-26","Playing","76"
"349","6729","2023-11-28","Resting","36"
"350","8237","2023-11-14","Walking","43"
"351","6103","2023-07-16","Playing","9"
"352","751","2023-02-09","Walking","-"
"353","6896","2022-09-27","Walking","36"
"354","1564","2023-05-10","Walking","-"
"355","3289","2023-09-25","Playing","78"
"356","6103","2022-05-21","Playing","16"
"357","6939","2023-02-27","Resting","-"
"358","532","2023-07-26","Walking","72"
"359","1366","2023-07-14","Walking","-"
"360","8804","2022-05-08","Playing","20"
"361","7788","2022-11-12","Resting","-"
"362","5008","2022-05-14","Walking","24"
"363","833","2023-12-05","Resting","73"
"364","3370","2022-11-25","Walking","78"
"365","3154","2022-10-05","Walking","42"
"366","1635","2023-04-29","Resting","13"
"367","1159","2023-11-22","Playing","10"
"368","1207","2022-07-27","Resting","22"
"369","5699","2023-07-04","Walk","29"
"370","4584","2023-12-03","Walk","73"
"371","4726","2022-11-17","Playing","74"
"372","3088","2023-08-26","Walking","87"
"373","9018","2023-07-14","Resting","86"
"374","1060","2023-09-23","Resting","41"
"375","5643","2023-04-28","Playing","-"
"376","2726","2023-03-20","Playing","25"
"377","1297","2022-04-05","Playing","21"
"378","8349","2023-12-08","Playing","80"
"379","1441","2023-06-07","Playing","14"
"380","8208","2023-04-06","Walking","-"
"381","7936","2023-08-22","Resting","71"
"382","1297","2022-09-23","Rest","48"
"383","8349","2023-07-31","Walking","50"
"384","9581","2023-02-11","Walking","65"
"385","209","2023-11-15","Walk","61"
"386","5503","2022-07-05","Resting","25"
"387","986","2023-05-28","Playing","58"
"388","9163","2022-08-08","Resting","26"
"389","9244","2023-02-04","Resting","48"
"390","3410","2022-11-25","Walking","-"
"391","5457","2023-11-27","Resting","61"
"392","8805","2023-08-05","Resting","80"
"393","5925","2022-11-22","Playing","57"
"394","4307","2022-09-26","Playing","67"
"395","6332","2022-06-22","Resting","84"
"396","6729","2023-11-24","Resting","78"
"397","7515","2022-09-25","Playing","9"
"398","6435","2022-09-10","Walking","14"
"399","8518","2022-06-13","Walking","83"
"400","9578","2023-10-26","Walking","47"
"401","239","2023-10-15","Playing","-"
"402","3946","2023-11-09","Walking","28"
"403","503","2023-05-07","Resting","47"
"404","6901","2022-10-14","Walking","58"
"405","9555","2022-05-10","Resting","55"
"406","7936","2023-01-19","Walking","52"
"407","556","2023-11-03","Walking","34"
"408","3147","2023-12-15","Walking","60"
"409","6851","2023-02-16","Resting","16"
"410","9695","2023-05-14","Playing","31"
"411","4734","2023-08-19","Walking","66"
"412","4278","2022-10-26","Walking","90"
"413","7833","2023-03-06","Play","29"
"414","7833","2022-10-17","Playing","18"
"415","2805","2023-09-12","Resting","67"
"416","1846","2022-08-10","Walking","31"
"417","8418","2022-07-20","Rest","41"
"418","2016","2023-12-06","Play","73"
"419","2350","2023-08-26","Playing","12"
"420","9244","2023-04-29","Resting","26"
"421","217","2023-06-01","Resting","-"
"422","3856","2022-10-08","Resting","14"
"423","4778","2023-02-24","Resting","15"
"424","4726","2022-11-26","Walking","-"
"425","9191","2022-04-14","Walking","43"
"426","83","2022-09-20","Playing","54"
"427","2544","2023-12-10","Resting","-"
"428","7117","2023-12-16","Walking","43"
"429","8226","2023-08-22","Walking","56"
"430","782","2023-08-10","Walking","43"
"431","5231","2022-10-16","Playing","-"
"432","6087","2023-05-02","Playing","19"
"433","6205","2023-09-16","Walk","19"
"434","7482","2023-03-31","Walking","38"
"435","9684","2023-01-11","Walking","38"
"436","8877","2023-01-10","Rest","2"
"437","3017","2023-02-22","Resting","54"
"438","9271","2023-10-27","Resting","80"
"439","7680","2022-04-09","Playing","55"
"440","3686","2022-12-20","Resting","-"
"441","2893","2023-07-26","Resting","47"
"442","9721","2022-05-19","Resting","-"
"443","9218","2023-03-26","Resting","58"
"444","9071","2022-07-09","Play","66"
"445","2471","2022-09-20","Walking","19"
"446","4098","2023-11-24","Playing","36"
"447","9452","2022-05-24","Playing","5"
"448","5445","2023-08-20","Resting","22"
"449","3100","2023-06-17","Resting","3"
"450","3884","2022-05-23","Resting","84"
"451","4346","2022-06-29","Playing","53"
"452","7766","2023-06-24","Walking","-"
"453","8353","2023-12-24","Playing","79"
"454","3463","2023-07-09","Resting","13"
"455","3686","2022-10-26","Playing","9"
"456","5799","2022-07-17","Resting","83"
"457","7757","2023-10-22","Resting","8"
"458","4438","2022-10-08","Playing","-"
"459","4934","2022-12-28","Rest","28"
"460","5540","2023-06-05","Walking","17"
"461","7642","2023-10-09","Resting","77"
"462","2726","2023-05-30","Playing","52"
"463","7833","2022-08-10","Resting","74"
"464","2869","2022-04-04","Walking","-"
"465","2060","2022-12-19","Playing","-"
"466","1925","2022-06-17","Resting","22"
"467","5925","2023-11-03","Walk","74"
"468","7331","2023-07-21","Resting","70"
"469","9539","2023-09-06","Play","49"
"470","5823","2022-09-06","Walking","37"
"471","1939","2023-12-01","Play","75"
"472","741","2023-06-18","Walk","-"
"473","2783","2023-05-15","Resting","64"
"474","427","2023-12-20","Walking","41"
"475","7788","2023-04-06","Walking","34"
"476","6147","2023-03-14","Walking","-"
"477","7716","2022-10-12","Resting","61"
"478","6556","2023-12-23","Playing","58"
"479","6241","2023-04-30","Playing","15"
"480","4937","2022-10-06","Walking","-"
"481","3846","2023-06-01","Resting","59"
"482","9692","2023-04-08","Resting","81"
"483","3224","2023-06-04","Walking","82"
"484","5404","2023-10-18","Resting","60"
"485","6689","2022-12-27","Playing","62"
"486","6838","2023-05-07","Playing","79"
"487","5216","2023-07-28","Walking","46"
"488","8070","2023-01-08","Resting","40"
"489","6729","2022-07-24","Playing","8"
"490","9712","2023-10-25","Resting","24"
"491","7296","2023-02-25","Resting","6"
"492","9632","2023-02-03","Playing","46"
"493","5850","2023-05-10","Playing","57"
"494","9561","2022-05-05","Resting","36"
"495","9692","2023-12-03","Walking","75"
"496","2448","2022-10-23","Walking","-"
"497","864","2023-02-09","Resting","28"
"498","3735","2023-03-05","Resting","12"
"499","5216","2023-08-31","Resting","56"
"500","3885","2022-09-11","Walking","-"
"501","9","2022-06-01","Playing","80"
"502","4912","2023-06-03","Rest","33"
"503","2893","2023-06-08","Resting","22"
"504","4778","2022-10-12","Resting","18"
"505","4346","2023-05-12","Resting","38"
"506","1382","2022-11-18","Playing","40"
"507","9230","2022-07-18","Resting","43"
"508","7716","2022-05-17","Playing","8"
"509","9305","2022-05-19","Walking","-"
"510","3946","2023-03-24","Walking","-"
"511","5334","2022-06-11","Walking","14"
"512","9922","2022-04-21","Playing","-"
"513","8903","2022-10-05","Playing","16"
"514","3484","2023-10-07","Play","64"
"515","209","2022-09-11","Resting","20"
"516","9367","2023-02-04","Playing","37"
"517","8387","2022-10-29","Playing","-"
"518","833","2023-05-28","Playing","79"
"519","9319","2023-09-09","Resting","82"
"520","8412","2023-05-09","Playing","35"
"521","5693","2022-07-17","Playing","74"
"522","6963","2023-02-22","Walking","-"
"523","9558","2022-09-23","Playing","27"
"524","9221","2023-11-05","Walking","54"
"525","3587","2022-11-11","Resting","87"
"526","2060","2023-12-11","Walking","23"
"527","5799","2022-09-26","Walking","-"
"528","5789","2023-07-03","Walking","68"
"529","7692","2022-11-30","Resting","43"
"530","6467","2023-10-15","Resting","21"
"531","8237","2023-10-09","Resting","89"
"532","538","2023-05-18","Resting","71"
"533","5540","2023-08-22","Walking","18"
"534","3190","2023-03-03","Playing","63"
"535","3330","2023-12-09","Playing","79"
"536","5799","2023-01-19","Walking","-"
"537","5503","2022-12-01","Playing","-"
"538","4995","2022-06-24","Playing","45"
"539","7281","2023-12-09","Resting","38"
"540","8676","2022-08-29","Resting","29"
"541","2881","2023-03-01","Resting","31"
"542","6620","2022-07-02","Walking","32"
"543","3132","2023-08-31","Resting","-"
"544","6482","2023-01-22","Walk","78"
"545","7936","2023-09-25","Resting","-"
"546","4238","2022-05-19","Playing","64"
"547","6518","2023-09-12","Resting","29"
"548","997","2023-07-23","Playing","-"
"549","2733","2023-10-15","Playing","54"
"550","2289","2023-11-07","Resting","25"
"551","4480","2022-08-31","Walking","-"
"552","5940","2023-03-06","Resting","72"
"553","6859","2023-03-13","Walking","46"
"554","7117","2023-10-16","Walking","41"
"555","9684","2023-10-25","Play","-"
"556","5630","2022-06-28","Resting","8"
"557","1370","2022-07-23","Walking","6"
"558","3467","2023-04-21","Walking","63"
"559","5799","2023-06-16","Play","17"
"560","5984","2022-11-19","Playing","45"
"561","5555","2023-12-15","Playing","55"
"562","236","2022-05-04","Resting","39"
"563","9018","2022-11-30","Playing","55"
"564","3946","2022-10-22","Walking","36"
"565","9539","2023-02-03","Rest","41"
"566","2262","2023-08-10","Walking","-"
"567","9030","2023-01-04","Walking","29"
"568","8940","2022-11-28","Resting","36"
"569","8070","2023-12-16","Playing","-"
"570","1169","2023-04-25","Playing","12"
"571","3936","2023-03-12","Resting","-"
"572","9008","2023-08-14","Playing","85"
"573","1322","2023-01-21","Walk","42"
"574","1640","2023-09-09","Resting","60"
"575","4238","2023-07-20","Rest","56"
"576","6467","2023-08-24","Resting","81"
"577","8691","2022-10-14","Resting","17"
"578","9485","2022-08-22","Play","-"
"579","627","2023-09-17","Walking","-"
"580","6897","2022-10-31","Resting","8"
"581","1585","2023-04-23","Resting","48"
"582","6089","2022-09-01","Walking","88"
"583","8226","2023-11-07","Play","7"
"584","8285","2022-11-18","Walking","19"
"585","3612","2023-12-09","Resting","34"
"586","1006","2022-07-05","Walking","49"
"587","1207","2023-07-30","Playing","-"
"588","5071","2022-08-15","Walking","72"
"589","7267","2022-07-28","Resting","81"
"590","2441","2023-07-17","Playing","4"
"591","9618","2023-08-11","Resting","-"
"592","239","2023-03-02","Play","-"
"593","3767","2023-01-04","Play","70"
"594","2888","2023-11-09","Resting","52"
"595","9539","2023-10-22","Walking","78"
"596","1846","2022-09-16","Playing","43"
"597","249","2022-08-29","Resting","-"
"598","503","2022-10-16","Walking","-"
"599","5395","2023-05-13","Resting","5"
"600","5563","2023-07-06","Playing","29"
"601","9968","2022-08-19","Walking","-"
"602","5540","2023-09-14","Walking","63"
"603","4238","2023-05-30","Resting","72"
"604","2888","2022-08-05","Playing","64"
"605","6897","2023-08-02","Walking","49"
"606","1906","2022-04-02","Resting","-"
"607","1888","2023-12-02","Playing","53"
"608","2869","2022-07-21","Resting","-"
"609","8244","2022-04-03","Resting","64"
"610","6917","2022-10-01","Resting","71"
"611","8989","2022-05-25","Walking","-"
"612","3304","2023-01-02","Resting","55"
"613","782","2023-09-24","Playing","66"
"614","9946","2023-10-09","Resting","-"
"615","9539","2022-12-07","Playing","2"
"616","6683","2023-06-09","Playing","80"
"617","3750","2023-01-31","Playing","8"
"618","8805","2022-11-01","Resting","49"
"619","209","2023-11-01","Walk","69"
"620","585","2023-03-01","Resting","-"
"621","3885","2023-06-02","Walking","33"
"622","3695","2023-10-09","Playing","46"
"623","3040","2023-10-04","Playing","69"
"624","6209","2022-07-10","Playing","64"
"625","542","2023-11-27","Resting","90"
"626","8354","2023-10-01","Playing","-"
"627","1216","2022-08-08","Resting","-"
"628","8070","2022-11-04","Walk","42"
"629","7975","2023-12-13","Walk","58"
"630","7666","2022-08-16","Resting","88"
"631","8149","2023-10-22","Playing","44"
"632","8237","2022-10-27","Walk","49"
"633","8412","2022-04-04","Rest","38"
"634","8572","2023-07-21","Playing","4"
"635","2544","2022-09-23","Resting","19"
"636","5071","2023-04-29","Walking","5"
"637","7818","2023-10-10","Playing","78"
"638","3784","2023-08-12","Playing","-"
"639","4643","2023-09-08","Resting","-"
"640","2191","2023-06-05","Resting","78"
"641","7004","2023-03-21","Resting","4"
"642","696","2022-12-10","Playing","35"
"643","3291","2023-04-17","Walking","29"
"644","6919","2023-02-03","Walking","-"
"645","5919","2023-04-04","Resting","-"
"646","658","2023-06-06","Playing","4"
"647","7022","2022-06-23","Resting","17"
"648","8226","2022-06-09","Resting","21"
"649","5090","2022-12-09","Walking","-"
"650","5823","2023-02-22","Resting","-"
"651","2144","2023-10-23","Resting","-"
"652","7010","2023-12-10","Resting","-"
"653","2287","2023-07-16","Playing","5"
"654","9874","2023-08-27","Playing","40"
"655","3617","2023-06-18","Resting","-"
"656","5288","2023-10-27","Resting","41"
"657","5421","2023-11-06","Resting","54"
"658","2549","2022-04-17","Walking","51"
"659","1417","2023-09-21","Playing","2"
"660","5863","2023-04-19","Play","-"
"661","7757","2022-08-31","Resting","46"
"662","1564","2022-12-05","Resting","17"
"663","9472","2022-05-10","Playing","35"
"664","1949","2022-08-08","Walking","28"
"665","717","2023-11-19","Playing","21"
"666","1047","2022-04-26","Playing","16"
"667","337","2023-04-09","Resting","54"
"668","2544","2023-03-02","Walking","5"
"669","1169","2023-08-20","Playing","78"
"670","4934","2023-08-17","Playing","38"
"671","6332","2022-10-24","Walking","-"
"672","8070","2023-01-04","Playing","-"
"673","2448","2023-11-06","Resting","74"
"674","2733","2022-07-08","Playing","31"
"675","3530","2023-06-24","Walking","-"
"676","8840","2023-07-05","Playing","-"
"677","6896","2022-08-19","Resting","-"
"678","8789","2023-03-18","Playing","27"
"679","2284","2022-05-24","Resting","30"
"680","9695","2023-09-05","Walking","25"
"681","3638","2023-03-27","Playing","84"
"682","9186","2023-04-25","Resting","47"
"683","1949","2023-02-07","Playing","79"
"684","83","2022-11-26","Playing","54"
"685","1417","2023-09-02","Resting","43"
"686","2882","2022-09-13","Playing","66"
"687","1006","2022-05-20","Resting","18"
"688","4480","2022-08-23","Walking","42"
"689","9186","2023-05-29","Rest","18"
"690","2415","2022-11-23","Playing","63"
"691","5418","2023-12-14","Playing","72"
"692","3846","2023-07-12","Rest","31"
"693","4195","2022-06-27","Resting","67"
"694","2881","2022-07-17","Playing","-"
"695","8691","2023-08-27","Resting","69"
"696","7680","2023-11-17","Play","46"
"697","6121","2023-08-24","Walking","-"
"698","2901","2022-12-28","Playing","79"
"699","5404","2022-11-14","Walking","19"
"700","9356","2022-06-22","Resting","14"
"701","6939","2022-11-17","Resting","62"
"702","5563","2023-12-16","Walking","90"
"703","2733","2022-11-08","Play","60"
"704","2726","2022-11-14","Walking","35"
"705","3309","2023-04-03","Playing","-"
"706","2735","2022-07-14","Resting","-"
"707","6778","2023-04-29","Playing","2"
"708","4045","2023-03-19","Walking","47"
"709","3830","2022-10-28","Resting","33"
"710","6919","2022-09-17","Playing","90"
"711","1239","2023-10-09","Resting","4"
"712","1239","2023-09-21","Playing","5"
"713","9988","2023-06-28","Play","-"
"714","249","2022-10-24","Walking","62"
"715","5406","2022-10-12","Playing","79"
"716","3988","2022-12-30","Walking","14"
"717","1292","2022-09-26","Walking","7"
"718","2869","2023-04-30","Playing","-"
"719","6620","2023-09-17","Walking","45"
"720","5501","2022-12-12","Playing","4"
"721","751","2022-10-16","Playing","29"
"722","6778","2023-03-11","Walking","58"
"723","9485","2023-02-09","Playing","63"
"724","4073","2022-12-20","Playing","85"
"725","9712","2023-01-25","Rest","64"
"726","4899","2023-10-14","Playing","90"
"727","3463","2022-08-15","Resting","19"
"728","2235","2022-12-08","Play","35"
"729","9305","2022-09-25","Playing","85"
"730","3727","2023-10-13","Playing","56"
"731","9445","2023-07-04","Play","20"
"732","3466","2023-10-02","Resting","-"
"733","1888","2023-02-28","Walking","16"
"734","2094","2023-03-06","Walking","-"
"735","9930","2023-05-15","Walk","-"
"736","2381","2022-10-25","Walking","-"
"737","8047","2023-12-06","Playing","39"
"738","6315","2023-10-22","Play","-"
"739","7281","2022-07-10","Walking","20"
"740","309","2022-04-13","Playing","32"
"741","6172","2023-02-07","Resting","4"
"742","3617","2022-07-20","Resting","18"
"743","3885","2023-07-05","Walking","37"
"744","5231","2023-03-08","Playing","-"
"745","9581","2022-09-28","Resting","44"
"746","4995","2022-11-02","Playing","-"
"747","3300","2022-11-12","Walking","-"
"748","694","2022-08-06","Resting","67"
"749","6075","2023-06-09","Resting","11"
"750","2549","2022-07-21","Walking","76"
"751","1564","2023-02-02","Resting","40"
"752","9305","2022-11-04","Resting","-"
"753","3001","2023-03-25","Walking","85"
"754","5091","2023-12-10","Resting","47"
"755","1370","2023-04-25","Resting","-"
"756","5404","2022-11-15","Walking","-"
"757","9946","2022-11-19","Walking","81"
"758","7766","2023-04-15","Walking","20"
"759","8208","2023-11-25","Walking","31"
"760","2191","2022-11-27","Resting","21"
"761","2888","2023-08-14","Walking","66"
"762","884","2022-04-01","Walking","79"
"763","9472","2022-04-25","Walk","59"
"764","637","2022-04-04","Playing","33"
"765","9561","2023-10-29","Walking","1"
"766","6824","2022-11-28","Walk","78"
"767","3223","2023-07-08","Rest","62"
"768","9692","2022-06-07","Resting","70"
"769","1297","2023-11-04","Playing","64"
"770","5747","2023-10-05","Walking","48"
"771","9930","2022-09-13","Resting","46"
"772","8455","2022-06-25","Walking","-"
"773","9721","2022-11-03","Resting","61"
"774","5037","2023-09-21","Playing","17"
"775","2058","2023-12-21","Playing","79"
"776","5925","2023-03-16","Playing","66"
"777","1678","2022-05-14","Walking","85"
"778","601","2023-03-01","Playing","42"
"779","8716","2023-01-09","Resting","70"
"780","9930","2023-03-16","Resting","34"
"781","5622","2022-05-31","Play","78"
"782","9357","2023-11-20","Walking","46"
"783","9191","2022-07-10","Resting","44"
"784","3040","2022-06-09","Playing","15"
"785","8244","2023-04-25","Resting","20"
"786","8868","2022-08-19","Walking","22"
"787","9187","2022-04-04","Walk","-"
"788","585","2022-11-22","Resting","-"
"789","6963","2023-06-12","Walk","33"
"790","2630","2022-10-29","Resting","31"
"791","4480","2022-05-02","Playing","22"
"792","7778","2023-08-19","Play","-"
"793","7485","2022-06-09","Walking","47"
"794","2783","2022-09-23","Walking","6"
"795","1963","2022-12-25","Walking","-"
"796","7891","2023-07-24","Resting","55"
"797","1370","2022-10-11","Resting","72"
"798","4592","2023-01-12","Walking","46"
"799","9632","2022-06-13","Walking","5"
"800","5421","2023-11-22","Walk","76"
"801","6467","2023-03-02","Walking","79"
"802","8510","2022-07-07","Walking","22"
"803","4410","2022-11-18","Playing","6"
"804","9187","2022-09-07","Playing","-"
"805","1441","2023-11-17","Walking","85"
"806","3936","2022-10-17","Playing","90"
"807","9946","2022-12-26","Resting","74"
"808","6725","2022-07-24","Resting","-"
"809","4480","2023-03-29","Resting","-"
"810","3946","2022-06-13","Playing","69"
"811","9030","2022-09-15","Playing","38"
"812","3147","2022-06-15","Playing","12"
"813","5216","2022-11-26","Playing","48"
"814","2794","2022-04-29","Walking","56"
"815","7022","2022-07-15","Walking","32"
"816","1216","2023-09-24","Playing","-"
"817","7788","2022-10-22","Playing","72"
"818","6338","2022-12-03","Walking","27"
"819","1006","2023-06-07","Playing","47"
"820","3414","2022-05-26","Resting","2"
"821","5091","2023-11-05","Walking","28"
"822","5198","2023-03-14","Resting","57"
"823","3884","2023-06-14","Playing","28"
"824","3057","2023-09-14","Playing","62"
"825","5406","2023-08-29","Walking","6"
"826","6315","2023-11-30","Resting","-"
"827","4583","2022-06-23","Walking","73"
"828","542","2023-03-28","Playing","62"
"829","5919","2022-07-15","Walking","-"
"830","3946","2022-05-11","Walking","80"
"831","5563","2023-05-22","Playing","-"
"832","3223","2023-09-18","Walking","3"
"833","3830","2022-04-11","Playing","40"
"834","8805","2023-11-03","Playing","24"
"835","2843","2023-06-27","Walking","11"
"836","7296","2023-03-30","Walking","71"
"837","2350","2023-11-12","Resting","-"
"838","3100","2022-07-27","Walking","19"
"839","4690","2023-12-06","Walking","70"
"840","8510","2023-07-19","Resting","90"
"841","8631","2023-05-20","Resting","29"
"842","1417","2023-05-30","Walk","3"
"843","9481","2022-12-28","Playing","90"
"844","4853","2023-03-02","Playing","89"
"845","4768","2023-01-06","Playing","-"
"846","473","2022-11-05","Walking","53"
"847","6901","2022-04-18","Rest","20"
"848","6454","2023-02-04","Playing","66"
"849","6102","2022-09-24","Walk","28"
"850","5323","2022-04-02","Playing","72"
"851","8353","2022-11-03","Playing","83"
"852","1949","2023-07-11","Walking","82"
"853","3410","2022-07-04","Playing","10"
"854","4539","2023-04-17","Walking","-"
"855","5747","2023-07-10","Resting","50"
"856","3225","2022-07-14","Playing","-"
"857","850","2022-10-16","Resting","49"
"858","3057","2022-10-27","Resting","63"
"859","5968","2022-10-12","Walking","-"
"860","9230","2022-12-30","Playing","-"
"861","6939","2022-05-15","Walking","-"
"862","3220","2023-07-06","Walking","30"
"863","9223","2023-09-26","Resting","57"
"864","8716","2023-01-07","Walking","18"
"865","7144","2022-06-17","Playing","74"
"866","5468","2022-11-08","Resting","31"
"867","1540","2022-12-17","Resting","-"
"868","4853","2023-03-04","Rest","-"
"869","337","2023-11-27","Walking","21"
"870","5622","2023-03-13","Playing","62"
"871","5336","2023-02-19","Walking","61"
"872","5890","2023-02-08","Walking","80"
"873","2755","2023-03-02","Playing","31"
"874","6102","2023-01-07","Resting","39"
"875","5301","2022-10-18","Playing","-"
"876","83","2022-05-25","Playing","41"
"877","5789","2022-12-18","Playing","-"
"878","2726","2023-09-23","Resting","51"
"879","2299","2022-06-23","Playing","27"
"880","5799","2022-04-01","Walking","44"
"881","9305","2023-12-03","Playing","73"
"882","5622","2023-01-25","Resting","-"
"883","9706","2022-04-08","Playing","1"
"884","8746","2022-07-23","Playing","65"
"885","5699","2023-04-26","Rest","27"
"886","4834","2023-01-07","Playing","56"
"887","2094","2023-04-01","Walking","25"
"888","5632","2022-12-29","Playing","58"
"889","7970","2023-03-22","Resting","15"
"890","3291","2022-08-03","Resting","52"
"891","8789","2022-12-06","Resting","7"
"892","2287","2022-06-09","Resting","-"
"893","5334","2023-10-07","Walking","47"
"894","5090","2022-05-15","Resting","26"
"895","337","2022-04-03","Resting","20"
"896","4480","2023-02-11","Playing","-"
"897","1906","2022-11-25","Rest","2"
"898","7022","2023-05-13","Resting","77"
"899","1309","2022-05-10","Resting","45"
"900","500","2022-10-02","Resting","45"
"901","3695","2023-10-20","Resting","32"
"902","7692","2023-11-13","Playing","48"
"903","2837","2023-12-24","Playing","87"
"904","6467","2022-08-06","Walking","77"
"905","2058","2022-04-19","Resting","78"
"906","3884","2023-10-22","Playing","67"
"907","8840","2022-10-03","Playing","-"
"908","8244","2023-11-16","Playing","-"
"909","5919","2022-06-25","Playing","2"
"910","7331","2022-07-22","Walking","52"
"911","5860","2023-11-16","Walking","-"
"912","3330","2023-10-12","Resting","49"
"913","3767","2023-08-26","Walking","5"
"914","8697","2023-07-26","Walking","48"
"915","5975","2022-04-19","Playing","32"
"916","831","2023-04-08","Walking","5"
"917","5336","2023-04-20","Play","-"
"918","9379","2022-06-28","Playing","-"
"919","6121","2023-01-16","Resting","80"
"920","1993","2022-05-04","Playing","78"
"921","8631","2022-04-28","Resting","-"
"922","2869","2023-09-04","Resting","30"
"923","1902","2022-08-31","Walking","-"
"924","1207","2022-05-09","Walking","56"
"925","9379","2023-04-26","Playing","-"
"926","9578","2023-08-30","Playing","29"
"927","7970","2022-07-19","Walking","29"
"928","1925","2022-06-25","Walking","54"
"929","8007","2023-03-20","Resting","84"
"930","1239","2023-03-12","Resting","83"
"931","9718","2022-11-17","Resting","59"
"932","6141","2022-08-26","Resting","-"
"933","1366","2022-11-25","Walk","33"
"934","5659","2022-07-05","Playing","61"
"935","5622","2023-09-20","Play","10"
"936","2429","2023-12-24","Rest","9"
"937","1047","2022-10-29","Playing","39"