"index","pet_id","visit_date","issue","resolution"
"0","9692","2022-10-09","Dental Cleaning","Cleaning done, no dental issues"
"1","9186","2022-05-15","Ear Infection","Medication and follow-up in 2 weeks for infection"
"2","2709","2023-12-24","Annual Checkup","All clear, healthy diet recommended"
"3","2513","2023-03-18","Annual Checkup","Vaccination completed, next due in 1 year"
"4","2016","2023-10-03","Dental Cleaning","Cleaning done, no dental issues"
"5","8237","2022-11-07","Annual Checkup","All clear, healthy diet recommended"
"6","8510","2023-04-12","Dental Cleaning","Cleaning done, no dental issues"
"7","8572","2023-07-23","Annual Checkup","All clear, healthy diet recommended"
"8","4761","2023-12-03","Annual Checkup","Diet adjustment recommended for weight management"
"9","1001","2023-09-21","Annual Checkup","All clear, healthy diet recommended"
"10","9900","2023-02-02","Injury","Minor surgery performed, recovery monitored"
"11","7818","2023-05-18","Annual Checkup","Diet adjustment recommended for weight management"
"12","1949","2023-01-04","Annual Checkup","Vaccination completed, next due in 1 year"
"13","6480","2023-09-26","Ear Infection","Medication and follow-up in 2 weeks for infection"
"14","4346","2023-03-25","Annual Checkup","All clear, healthy diet recommended"
"15","4734","2023-01-03","Annual Checkup","Diet adjustment recommended for weight management"
"16","694","2022-07-30","Injury","Sprain identified, rest and limited movement advised"
"17","4734","2023-11-03","Dental Cleaning","Cleaning done, no dental issues"
"18","3723","2022-08-02","Injury","Minor surgery performed, recovery monitored"
"19","8631","2022-12-24","Injury","Sprain identified, rest and limited movement advised"
"20","5334","2023-02-25","Annual Checkup","Vaccination completed, next due in 1 year"
"21","2429","2022-11-09","Dental Cleaning","Cleaning done, no dental issues"
"22","2709","2023-11-28","Dental Cleaning","Cleaning done, no dental issues"
"23","2415","2022-08-03","Annual Checkup","All clear, healthy diet recommended"
"24","4777","2023-01-16","Annual Checkup","Diet adjustment recommended for weight management"
"25","8804","2022-04-12","Injury","Sprain identified, rest and limited movement advised"
"26","1366","2023-10-08","Injury","Minor surgery performed, recovery monitored"
"27","5008","2022-06-07","Annual Checkup","All clear, healthy diet recommended"
"28","4947","2023-04-03","Annual Checkup","Vaccination completed, next due in 1 year"
"29","637","2023-02-15","Injury","Minor surgery performed, recovery monitored"
"30","6087","2023-08-06","Annual Checkup","Vaccination completed, next due in 1 year"
"31","8746","2023-01-26","Annual Checkup","All clear, healthy diet recommended"
"32","7833","2023-11-22","Annual Checkup","Diet adjustment recommended for weight management"
"33","8993","2023-06-03","Annual Checkup","Vaccination completed, next due in 1 year"
"34","5958","2022-12-31","Annual Checkup","Diet adjustment recommended for weight management"
"35","1343","2023-12-29","Dental Cleaning","Cleaning done, no dental issues"
"36","8705","2023-06-15","Annual Checkup","Vaccination completed, next due in 1 year"
"37","3885","2023-09-05","Dental Cleaning","Cleaning done, no dental issues"
"38","8353","2023-08-18","Annual Checkup","All clear, healthy diet recommended"
"39","8805","2023-09-07","Injury","Sprain identified, rest and limited movement advised"
"40","6480","2023-07-05","Injury","Sprain identified, rest and limited movement advised"
"41","4947","2023-05-14","Annual Checkup","Diet adjustment recommended for weight management"
"42","5421","2023-09-15","Ear Infection","Medication and follow-up in 2 weeks for infection"
"43","3767","2022-05-08","Dental Cleaning","Cleaning done, no dental issues"
"44","9379","2022-07-01","Dental Cleaning","Cleaning done, no dental issues"
"45","6602","2023-09-18","Annual Checkup","Vaccination completed, next due in 1 year"
"46","1382","2023-03-26","Injury","Minor surgery performed, recovery monitored"
"47","3057","2023-03-25","Annual Checkup","Diet adjustment recommended for weight management"
"48","217","2023-06-12","Annual Checkup","All clear, healthy diet recommended"
"49","6963","2023-11-14","Ear Infection","Medication and follow-up in 2 weeks for infection"
"50","6454","2022-07-18","Annual Checkup","All clear, healthy diet recommended"
"51","3224","2023-09-14","Ear Infection","Medication and follow-up in 2 weeks for infection"
"52","8903","2022-08-01","Dental Cleaning","Cleaning done, no dental issues"
"53","2726","2023-07-15","Annual Checkup","Diet adjustment recommended for weight management"
"54","3154","2023-03-15","Injury","Sprain identified, rest and limited movement advised"
"55","556","2023-02-28","Annual Checkup","Vaccination completed, next due in 1 year"
"56","3884","2022-04-02","Ear Infection","Medication and follow-up in 2 weeks for infection"
"57","3828","2022-06-11","Annual Checkup","Vaccination completed, next due in 1 year"
"58","6141","2022-05-15","Dental Cleaning","Cleaning done, no dental issues"
"59","5501","2023-04-29","Annual Checkup","Diet adjustment recommended for weight management"
"60","5071","2023-10-23","Annual Checkup","All clear, healthy diet recommended"
"61","8342","2022-04-05","Annual Checkup","Diet adjustment recommended for weight management"
"62","5823","2023-02-13","Ear Infection","Medication and follow-up in 2 weeks for infection"
"63","8702","2022-04-07","Injury","Physical therapy recommended for joint issues"
"64","2898","2023-12-30","Dental Cleaning","Cleaning done, no dental issues"
"65","4955","2022-11-06","Dental Cleaning","Cleaning done, no dental issues"
"66","6141","2023-01-01","Injury","Sprain identified, rest and limited movement advised"
"67","2777","2023-11-08","Dental Cleaning","Cleaning done, no dental issues"
"68","4307","2023-10-16","Injury","Sprain identified, rest and limited movement advised"
"69","3370","2023-06-20","Dental Cleaning","Cleaning done, no dental issues"
"70","8705","2023-03-21","Annual Checkup","Vaccination completed, next due in 1 year"
"71","3856","2022-05-27","Ear Infection","Medication and follow-up in 2 weeks for infection"
"72","556","2023-12-23","Annual Checkup","Vaccination completed, next due in 1 year"
"73","579","2023-01-20","Dental Cleaning","Cleaning done, no dental issues"
"74","4834","2023-11-10","Injury","Sprain identified, rest and limited movement advised"
"75","4899","2022-05-02","Annual Checkup","Diet adjustment recommended for weight management"
"76","5243","2022-11-22","Annual Checkup","Diet adjustment recommended for weight management"
"77","2549","2022-09-28","Injury","Sprain identified, rest and limited movement advised"
"78","579","2023-04-07","Dental Cleaning","Cleaning done, no dental issues"
"79","1303","2023-01-28","Annual Checkup","Diet adjustment recommended for weight management"
"80","8177","2023-08-14","Injury","Sprain identified, rest and limited movement advised"
"81","1963","2023-10-08","Annual Checkup","All clear, healthy diet recommended"
"82","1173","2023-02-14","Annual Checkup","Diet adjustment recommended for weight management"
"83","9466","2022-07-17","Annual Checkup","All clear, healthy diet recommended"
"84","3936","2022-07-10","Annual Checkup","Vaccination completed, next due in 1 year"
"85","8047","2023-09-21","Dental Cleaning","Cleaning done, no dental issues"
"86","8691","2022-11-11","Annual Checkup","All clear, healthy diet recommended"
"87","6032","2023-12-01","Annual Checkup","Diet adjustment recommended for weight management"
"88","9236","2022-04-27","Injury","Physical therapy recommended for joint issues"
"89","2912","2022-12-30","Ear Infection","Medication and follow-up in 2 weeks for infection"
"90","3040","2023-08-09","Dental Cleaning","Cleaning done, no dental issues"
"91","5421","2023-06-09","Annual Checkup","Vaccination completed, next due in 1 year"
"92","1057","2023-03-20","Dental Cleaning","Cleaning done, no dental issues"
"93","7975","2023-09-18","Annual Checkup","Diet adjustment recommended for weight management"
"94","9684","2022-07-29","Dental Cleaning","Cleaning done, no dental issues"
"95","3100","2022-08-25","Dental Cleaning","Cleaning done, no dental issues"
"96","2513","2022-10-24","Injury","Physical therapy recommended for joint issues"
"97","6901","2023-05-13","Dental Cleaning","Cleaning done, no dental issues"
"98","5090","2023-02-27","Annual Checkup","All clear, healthy diet recommended"
"99","2882","2022-07-02","Annual Checkup","Vaccination completed, next due in 1 year"
"100","741","2022-11-08","Injury","Physical therapy recommended for joint issues"
"101","3612","2023-12-04","Dental Cleaning","Cleaning done, no dental issues"
"102","9946","2023-01-13","Dental Cleaning","Cleaning done, no dental issues"
"103","5323","2022-06-19","Injury","Sprain identified, rest and limited movement advised"
"104","3484","2023-10-09","Injury","Physical therapy recommended for joint issues"
"105","4768","2023-04-18","Annual Checkup","All clear, healthy diet recommended"
"106","5198","2022-07-11","Annual Checkup","Vaccination completed, next due in 1 year"
"107","601","2023-07-21","Annual Checkup","Vaccination completed, next due in 1 year"
"108","1292","2023-10-20","Annual Checkup","All clear, healthy diet recommended"
"109","3304","2023-06-25","Injury","Minor surgery performed, recovery monitored"
"110","4410","2023-02-13","Dental Cleaning","Cleaning done, no dental issues"
"111","6480","2022-09-27","Ear Infection","Medication and follow-up in 2 weeks for infection"
"112","8318","2022-05-03","Annual Checkup","Vaccination completed, next due in 1 year"
"113","5789","2023-09-26","Annual Checkup","Diet adjustment recommended for weight management"
"114","637","2022-10-12","Annual Checkup","Vaccination completed, next due in 1 year"
"115","3190","2023-01-10","Ear Infection","Medication and follow-up in 2 weeks for infection"
"116","2805","2023-08-02","Annual Checkup","Diet adjustment recommended for weight management"
"117","1334","2022-04-30","Annual Checkup","All clear, healthy diet recommended"
"118","3370","2023-09-04","Ear Infection","Medication and follow-up in 2 weeks for infection"
"119","5017","2023-03-04","Injury","Physical therapy recommended for joint issues"
"120","7352","2023-12-07","Dental Cleaning","Cleaning done, no dental issues"
"121","833","2022-12-15","Dental Cleaning","Cleaning done, no dental issues"
"122","7799","2022-04-19","Annual Checkup","All clear, healthy diet recommended"
"123","1322","2023-04-17","Dental Cleaning","Cleaning done, no dental issues"
"124","9706","2023-09-27","Injury","Minor surgery performed, recovery monitored"
"125","1735","2023-09-20","Annual Checkup","Vaccination completed, next due in 1 year"
"126","6087","2023-07-13","Annual Checkup","Diet adjustment recommended for weight management"
"127","500","2023-09-24","Annual Checkup","Vaccination completed, next due in 1 year"
"128","3057","2023-08-10","Annual Checkup","Diet adjustment recommended for weight management"
"129","5563","2022-11-15","Annual Checkup","Diet adjustment recommended for weight management"
"130","6838","2022-06-20","Annual Checkup","Vaccination completed, next due in 1 year"
"131","3300","2023-09-05","Annual Checkup","All clear, healthy diet recommended"
"132","5008","2023-10-29","Annual Checkup","Vaccination completed, next due in 1 year"
"133","83","2022-06-16","Dental Cleaning","Cleaning done, no dental issues"
"134","5610","2022-10-15","Injury","Minor surgery performed, recovery monitored"
"135","8412","2023-10-16","Annual Checkup","All clear, healthy diet recommended"
"136","1417","2022-09-22","Injury","Sprain identified, rest and limited movement advised"
"137","7936","2023-09-20","Injury","Minor surgery performed, recovery monitored"
"138","3088","2023-03-23","Annual Checkup","Vaccination completed, next due in 1 year"
"139","7022","2023-03-28","Annual Checkup","Diet adjustment recommended for weight management"
"140","309","2023-05-02","Annual Checkup","Diet adjustment recommended for weight management"
"141","3530","2023-03-01","Annual Checkup","All clear, healthy diet recommended"
"142","4777","2022-08-14","Annual Checkup","Vaccination completed, next due in 1 year"
"143","7970","2023-08-19","Dental Cleaning","Cleaning done, no dental issues"
"144","997","2022-05-05","Annual Checkup","Vaccination completed, next due in 1 year"
"145","4074","2023-08-10","Injury","Sprain identified, rest and limited movement advised"
"146","1060","2022-08-02","Dental Cleaning","Cleaning done, no dental issues"
"147","9968","2023-04-30","Annual Checkup","All clear, healthy diet recommended"
"148","2893","2023-12-14","Annual Checkup","Vaccination completed, next due in 1 year"
"149","9030","2023-09-03","Injury","Minor surgery performed, recovery monitored"
"150","3484","2023-06-27","Dental Cleaning","Cleaning done, no dental issues"
"151","9357","2023-04-25","Ear Infection","Medication and follow-up in 2 weeks for infection"
"152","236","2022-06-03","Injury","Minor surgery performed, recovery monitored"
"153","5925","2022-06-26","Annual Checkup","All clear, healthy diet recommended"
"154","6331","2022-07-14","Annual Checkup","Vaccination completed, next due in 1 year"
"155","3026","2022-04-09","Injury","Physical therapy recommended for joint issues"
"156","5008","2023-01-23","Annual Checkup","Vaccination completed, next due in 1 year"
"157","2218","2022-06-03","Annual Checkup","Diet adjustment recommended for weight management"
"158","215","2022-12-14","Dental Cleaning","Cleaning done, no dental issues"
"159","4768","2023-10-10","Annual Checkup","Diet adjustment recommended for weight management"
"160","1366","2022-12-03","Ear Infection","Medication and follow-up in 2 weeks for infection"
"161","7706","2023-11-05","Dental Cleaning","Cleaning done, no dental issues"
"162","4690","2023-09-01","Annual Checkup","Vaccination completed, next due in 1 year"
"163","5610","2022-07-20","Dental Cleaning","Cleaning done, no dental issues"
"164","4947","2023-08-27","Injury","Minor surgery performed, recovery monitored"
"165","8805","2023-05-25","Ear Infection","Medication and follow-up in 2 weeks for infection"
"166","9227","2023-01-06","Annual Checkup","All clear, healthy diet recommended"
"167","6816","2022-05-09","Annual Checkup","Vaccination completed, next due in 1 year"
"168","5414","2023-06-05","Injury","Sprain identified, rest and limited movement advised"
"169","9319","2022-04-05","Annual Checkup","Vaccination completed, next due in 1 year"
"170","5747","2023-04-04","Annual Checkup","All clear, healthy diet recommended"
"171","248","2022-11-06","Annual Checkup","Diet adjustment recommended for weight management"
"172","8967","2022-07-12","Annual Checkup","Vaccination completed, next due in 1 year"
"173","9946","2023-07-12","Dental Cleaning","Cleaning done, no dental issues"
"174","2733","2023-11-06","Annual Checkup","Vaccination completed, next due in 1 year"
"175","309","2022-10-31","Annual Checkup","Vaccination completed, next due in 1 year"
"176","3830","2023-04-29","Annual Checkup","All clear, healthy diet recommended"
"177","6934","2023-03-18","Annual Checkup","Diet adjustment recommended for weight management"
"178","6205","2023-07-08","Annual Checkup","Diet adjustment recommended for weight management"
"179","3420","2022-09-30","Annual Checkup","Vaccination completed, next due in 1 year"
"180","7785","2023-04-14","Annual Checkup","All clear, healthy diet recommended"
"181","9960","2022-04-02","Annual Checkup","Diet adjustment recommended for weight management"
"182","986","2023-04-18","Annual Checkup","Diet adjustment recommended for weight management"
"183","1322","2022-06-15","Injury","Sprain identified, rest and limited movement advised"
"184","8710","2022-12-19","Dental Cleaning","Cleaning done, no dental issues"
"185","5540","2022-08-30","Annual Checkup","Diet adjustment recommended for weight management"
"186","6032","2022-09-20","Injury","Sprain identified, rest and limited movement advised"
"187","4073","2022-09-15","Annual Checkup","Diet adjustment recommended for weight management"
"188","9922","2022-06-05","Annual Checkup","Vaccination completed, next due in 1 year"
"189","5301","2023-07-09","Dental Cleaning","Cleaning done, no dental issues"
"190","1297","2022-05-05","Annual Checkup","Vaccination completed, next due in 1 year"
"191","6620","2023-07-02","Annual Checkup","Diet adjustment recommended for weight management"
"192","9230","2022-10-22","Injury","Sprain identified, rest and limited movement advised"
"193","4339","2023-01-04","Dental Cleaning","Cleaning done, no dental issues"
"194","9472","2023-11-12","Dental Cleaning","Cleaning done, no dental issues"
"195","9706","2023-10-12","Dental Cleaning","Cleaning done, no dental issues"
"196","6851","2023-09-14","Annual Checkup","All clear, healthy diet recommended"
"197","6315","2023-05-05","Injury","Minor surgery performed, recovery monitored"
"198","2549","2023-12-22","Injury","Physical therapy recommended for joint issues"
"199","9659","2023-08-12","Ear Infection","Medication and follow-up in 2 weeks for infection"
"200","3520","2022-12-31","Annual Checkup","Vaccination completed, next due in 1 year"
"201","6087","2022-07-12","Dental Cleaning","Cleaning done, no dental issues"
"202","774","2023-12-22","Annual Checkup","Diet adjustment recommended for weight management"
"203","8396","2022-04-29","Injury","Minor surgery performed, recovery monitored"
"204","5468","2022-05-13","Dental Cleaning","Cleaning done, no dental issues"
"205","9187","2022-08-17","Injury","Physical therapy recommended for joint issues"
"206","7298","2023-10-26","Dental Cleaning","Cleaning done, no dental issues"
"207","1309","2022-10-30","Annual Checkup","Vaccination completed, next due in 1 year"
"208","9357","2023-11-24","Ear Infection","Medication and follow-up in 2 weeks for infection"
"209","1060","2022-04-09","Injury","Minor surgery performed, recovery monitored"
"210","6032","2023-11-23","Annual Checkup","Vaccination completed, next due in 1 year"
"211","6102","2022-10-12","Ear Infection","Medication and follow-up in 2 weeks for infection"
"212","8586","2023-09-27","Annual Checkup","Vaccination completed, next due in 1 year"
"213","4074","2022-09-04","Annual Checkup","All clear, healthy diet recommended"
"214","7788","2022-07-04","Injury","Minor surgery performed, recovery monitored"
"215","217","2023-05-20","Annual Checkup","All clear, healthy diet recommended"
"216","5501","2023-10-22","Annual Checkup","Vaccination completed, next due in 1 year"
"217","9578","2023-01-14","Annual Checkup","Diet adjustment recommended for weight management"
"218","627","2022-10-03","Annual Checkup","All clear, healthy diet recommended"
"219","8177","2022-08-04","Injury","Sprain identified, rest and limited movement advised"
"220","6609","2022-11-05","Ear Infection","Medication and follow-up in 2 weeks for infection"
"221","751","2023-09-26","Annual Checkup","Diet adjustment recommended for weight management"
"222","2735","2023-03-18","Annual Checkup","All clear, healthy diet recommended"
"223","7785","2023-07-25","Ear Infection","Medication and follow-up in 2 weeks for infection"
"224","9813","2023-01-01","Annual Checkup","All clear, healthy diet recommended"
"225","6409","2023-04-14","Annual Checkup","Vaccination completed, next due in 1 year"
"226","7970","2022-10-17","Dental Cleaning","Cleaning done, no dental issues"
"227","9718","2022-09-22","Annual Checkup","All clear, healthy diet recommended"
"228","9191","2023-10-25","Annual Checkup","All clear, healthy diet recommended"
"229","309","2022-05-20","Injury","Sprain identified, rest and limited movement advised"
"230","1169","2022-12-26","Ear Infection","Medication and follow-up in 2 weeks for infection"
"231","8804","2022-06-02","Annual Checkup","All clear, healthy diet recommended"
"232","4778","2023-10-06","Annual Checkup","All clear, healthy diet recommended"
"233","7281","2022-05-23","Annual Checkup","Diet adjustment recommended for weight management"
"234","4912","2022-10-31","Annual Checkup","Diet adjustment recommended for weight management"
"235","6816","2023-11-02","Annual Checkup","Diet adjustment recommended for weight management"
"236","4539","2022-11-19","Annual Checkup","Diet adjustment recommended for weight management"
"237","6121","2022-11-23","Annual Checkup","Vaccination completed, next due in 1 year"
"238","5503","2023-04-30","Annual Checkup","Diet adjustment recommended for weight management"
"239","8518","2022-04-05","Annual Checkup","Vaccination completed, next due in 1 year"
"240","1417","2022-06-26","Injury","Minor surgery performed, recovery monitored"
"241","2882","2022-09-07","Dental Cleaning","Cleaning done, no dental issues"
"242","1057","2023-02-23","Injury","Physical therapy recommended for joint issues"
"243","7833","2022-06-28","Annual Checkup","All clear, healthy diet recommended"
"244","6241","2022-05-18","Annual Checkup","Diet adjustment recommended for weight management"
"245","2805","2022-07-05","Ear Infection","Medication and follow-up in 2 weeks for infection"
"246","637","2022-05-11","Annual Checkup","All clear, healthy diet recommended"
"247","5198","2022-06-25","Annual Checkup","All clear, healthy diet recommended"
"248","8226","2022-11-06","Annual Checkup","Vaccination completed, next due in 1 year"
"249","5107","2022-08-13","Annual Checkup","Vaccination completed, next due in 1 year"
"250","4768","2022-06-26","Injury","Sprain identified, rest and limited movement advised"
"251","6901","2022-11-10","Ear Infection","Medication and follow-up in 2 weeks for infection"
"252","7972","2023-06-14","Annual Checkup","Diet adjustment recommended for weight management"
"253","9","2023-12-15","Annual Checkup","All clear, healthy diet recommended"
"254","1956","2023-09-24","Dental Cleaning","Cleaning done, no dental issues"
"255","6897","2022-08-11","Annual Checkup","All clear, healthy diet recommended"
"256","1540","2023-01-24","Annual Checkup","Diet adjustment recommended for weight management"
"257","6089","2022-05-11","Injury","Sprain identified, rest and limited movement advised"
"258","1057","2022-08-29","Annual Checkup","Diet adjustment recommended for weight management"
"259","9689","2022-04-15","Annual Checkup","Vaccination completed, next due in 1 year"
"260","8136","2023-10-03","Annual Checkup","Vaccination completed, next due in 1 year"
"261","6376","2022-04-04","Injury","Sprain identified, rest and limited movement advised"
"262","9930","2022-09-05","Injury","Sprain identified, rest and limited movement advised"
"263","6518","2023-03-26","Annual Checkup","All clear, healthy diet recommended"
"264","9558","2022-06-15","Injury","Physical therapy recommended for joint issues"
"265","1939","2022-10-06","Injury","Minor surgery performed, recovery monitored"
"266","6917","2023-11-22","Annual Checkup","Diet adjustment recommended for weight management"
"267","2278","2023-06-15","Dental Cleaning","Cleaning done, no dental issues"
"268","2544","2023-10-07","Annual Checkup","All clear, healthy diet recommended"
"269","1286","2022-12-14","Annual Checkup","Vaccination completed, next due in 1 year"
"270","4539","2023-10-13","Dental Cleaning","Cleaning done, no dental issues"
"271","5968","2023-02-13","Dental Cleaning","Cleaning done, no dental issues"
"272","2144","2023-08-30","Annual Checkup","Diet adjustment recommended for weight management"
"273","6087","2023-01-27","Dental Cleaning","Cleaning done, no dental issues"
"274","6556","2022-05-22","Injury","Minor surgery performed, recovery monitored"
"275","696","2022-12-27","Dental Cleaning","Cleaning done, no dental issues"
"276","7972","2022-11-18","Annual Checkup","Vaccination completed, next due in 1 year"
"277","4955","2023-02-11","Dental Cleaning","Cleaning done, no dental issues"
"278","9179","2023-10-19","Annual Checkup","Vaccination completed, next due in 1 year"
"279","5630","2023-05-24","Annual Checkup","Vaccination completed, next due in 1 year"
"280","6338","2022-04-17","Dental Cleaning","Cleaning done, no dental issues"
"281","997","2022-10-28","Injury","Physical therapy recommended for joint issues"
"282","4073","2023-10-16","Dental Cleaning","Cleaning done, no dental issues"
"283","831","2023-02-14","Annual Checkup","Diet adjustment recommended for weight management"
"284","2549","2022-10-30","Injury","Minor surgery performed, recovery monitored"
"285","1640","2023-08-05","Annual Checkup","Vaccination completed, next due in 1 year"
"286","4278","2023-01-15","Dental Cleaning","Cleaning done, no dental issues"
"287","3040","2022-05-02","Ear Infection","Medication and follow-up in 2 weeks for infection"
"288","5958","2022-06-22","Annual Checkup","All clear, healthy diet recommended"
"289","1006","2022-05-09","Annual Checkup","All clear, healthy diet recommended"
"290","3444","2023-01-22","Injury","Sprain identified, rest and limited movement advised"
"291","1585","2022-06-27","Annual Checkup","Vaccination completed, next due in 1 year"
"292","2016","2023-03-02","Injury","Physical therapy recommended for joint issues"
"293","7716","2022-08-19","Injury","Sprain identified, rest and limited movement advised"
"294","9632","2022-09-17","Annual Checkup","Vaccination completed, next due in 1 year"
"295","7515","2023-10-16","Injury","Physical therapy recommended for joint issues"
"296","2794","2022-06-22","Dental Cleaning","Cleaning done, no dental issues"
"297","9472","2022-09-23","Annual Checkup","All clear, healthy diet recommended"
"298","9445","2022-07-06","Annual Checkup","Vaccination completed, next due in 1 year"
"299","2448","2023-01-14","Injury","Minor surgery performed, recovery monitored"
"300","3228","2022-07-17","Dental Cleaning","Cleaning done, no dental issues"
"301","1292","2023-05-30","Dental Cleaning","Cleaning done, no dental issues"
"302","4238","2023-08-19","Injury","Physical therapy recommended for joint issues"
"303","3228","2022-04-03","Annual Checkup","Vaccination completed, next due in 1 year"
"304","7515","2022-10-10","Annual Checkup","Diet adjustment recommended for weight management"
"305","9124","2022-12-23","Ear Infection","Medication and follow-up in 2 weeks for infection"
"306","1207","2022-07-07","Dental Cleaning","Cleaning done, no dental issues"
"307","6141","2023-12-18","Annual Checkup","All clear, healthy diet recommended"
"308","337","2023-01-01","Annual Checkup","Diet adjustment recommended for weight management"
"309","5017","2023-08-25","Dental Cleaning","Cleaning done, no dental issues"
"310","7281","2022-11-16","Annual Checkup","Vaccination completed, next due in 1 year"
"311","7956","2023-08-22","Injury","Sprain identified, rest and limited movement advised"
"312","5940","2023-06-28","Annual Checkup","Vaccination completed, next due in 1 year"
"313","9960","2022-07-22","Dental Cleaning","Cleaning done, no dental issues"
"314","6725","2023-09-02","Annual Checkup","Diet adjustment recommended for weight management"
"315","5850","2022-12-01","Annual Checkup","Vaccination completed, next due in 1 year"
"316","3856","2023-10-29","Annual Checkup","Vaccination completed, next due in 1 year"
"317","8586","2022-08-25","Dental Cleaning","Cleaning done, no dental issues"
"318","5890","2022-05-16","Annual Checkup","Vaccination completed, next due in 1 year"
"319","6121","2023-11-16","Annual Checkup","All clear, healthy diet recommended"
"320","7778","2022-04-18","Annual Checkup","Diet adjustment recommended for weight management"
"321","8903","2023-10-22","Dental Cleaning","Cleaning done, no dental issues"
"322","4056","2023-01-10","Annual Checkup","All clear, healthy diet recommended"
"323","454","2022-08-08","Annual Checkup","Diet adjustment recommended for weight management"
"324","637","2022-07-11","Dental Cleaning","Cleaning done, no dental issues"
"325","3291","2023-04-06","Annual Checkup","Diet adjustment recommended for weight management"
"326","2471","2023-05-01","Annual Checkup","Vaccination completed, next due in 1 year"
"327","8833","2022-04-29","Dental Cleaning","Cleaning done, no dental issues"
"328","2726","2022-11-18","Injury","Physical therapy recommended for joint issues"
"329","4024","2023-08-11","Ear Infection","Medication and follow-up in 2 weeks for infection"
"330","3846","2023-07-06","Annual Checkup","Vaccination completed, next due in 1 year"
"331","7144","2022-09-18","Annual Checkup","Diet adjustment recommended for weight management"
"332","9018","2023-10-30","Annual Checkup","Diet adjustment recommended for weight management"
"333","7825","2022-10-09","Annual Checkup","Diet adjustment recommended for weight management"
"334","7416","2023-08-20","Dental Cleaning","Cleaning done, no dental issues"
"335","4778","2023-05-13","Annual Checkup","All clear, healthy diet recommended"
"336","2178","2023-12-15","Dental Cleaning","Cleaning done, no dental issues"
"337","5404","2023-06-28","Annual Checkup","Vaccination completed, next due in 1 year"
"338","6725","2022-07-02","Annual Checkup","Vaccination completed, next due in 1 year"
"339","4768","2022-07-04","Dental Cleaning","Cleaning done, no dental issues"
"340","1006","2023-09-17","Annual Checkup","Diet adjustment recommended for weight management"
"341","239","2023-09-17","Annual Checkup","Diet adjustment recommended for weight management"
"342","7788","2023-08-08","Injury","Sprain identified, rest and limited movement advised"
"343","3723","2023-04-25","Ear Infection","Medication and follow-up in 2 weeks for infection"
"344","2869","2023-06-23","Injury","Physical therapy recommended for joint issues"
"345","4912","2023-10-28","Annual Checkup","Vaccination completed, next due in 1 year"
"346","9813","2023-03-05","Dental Cleaning","Cleaning done, no dental issues"
"347","236","2023-06-19","Dental Cleaning","Cleaning done, no dental issues"
"348","2794","2023-01-11","Dental Cleaning","Cleaning done, no dental issues"
"349","379","2022-05-15","Ear Infection","Medication and follow-up in 2 weeks for infection"
"350","1370","2022-08-06","Annual Checkup","Vaccination completed, next due in 1 year"
"351","3605","2022-08-09","Injury","Physical therapy recommended for joint issues"
"352","2448","2022-10-13","Annual Checkup","Vaccination completed, next due in 1 year"
"353","6824","2023-03-20","Ear Infection","Medication and follow-up in 2 weeks for infection"
"354","3723","2023-10-02","Dental Cleaning","Cleaning done, no dental issues"
"355","8208","2023-03-12","Injury","Sprain identified, rest and limited movement advised"
"356","637","2023-07-07","Injury","Physical therapy recommended for joint issues"
"357","8804","2022-09-07","Annual Checkup","Vaccination completed, next due in 1 year"
"358","2887","2023-07-13","Injury","Physical therapy recommended for joint issues"
"359","8967","2023-04-30","Injury","Sprain identified, rest and limited movement advised"
"360","8387","2022-07-09","Dental Cleaning","Cleaning done, no dental issues"
"361","3040","2023-02-17","Annual Checkup","Diet adjustment recommended for weight management"
"362","6338","2022-05-18","Annual Checkup","All clear, healthy diet recommended"
"363","2840","2023-12-03","Ear Infection","Medication and follow-up in 2 weeks for infection"
"364","7080","2023-04-21","Dental Cleaning","Cleaning done, no dental issues"
"365","7757","2023-08-03","Dental Cleaning","Cleaning done, no dental issues"
"366","8572","2023-09-05","Annual Checkup","All clear, healthy diet recommended"
"367","6147","2023-06-04","Annual Checkup","All clear, healthy diet recommended"
"368","4410","2023-10-30","Dental Cleaning","Cleaning done, no dental issues"
"369","2783","2022-11-06","Annual Checkup","Diet adjustment recommended for weight management"
"370","5799","2023-06-19","Annual Checkup","All clear, healthy diet recommended"
"371","5037","2022-07-10","Annual Checkup","Diet adjustment recommended for weight management"
"372","1939","2023-12-24","Injury","Sprain identified, rest and limited movement advised"
"373","9221","2022-06-26","Dental Cleaning","Cleaning done, no dental issues"
"374","5984","2022-04-27","Ear Infection","Medication and follow-up in 2 weeks for infection"
"375","9124","2023-01-02","Annual Checkup","Diet adjustment recommended for weight management"
"376","9968","2023-10-11","Annual Checkup","Vaccination completed, next due in 1 year"
"377","2843","2022-06-23","Injury","Sprain identified, rest and limited movement advised"
"378","2513","2023-03-14","Annual Checkup","All clear, healthy diet recommended"
"379","3300","2022-09-09","Dental Cleaning","Cleaning done, no dental issues"
"380","3223","2023-10-01","Annual Checkup","All clear, healthy diet recommended"
"381","9186","2022-10-23","Annual Checkup","Diet adjustment recommended for weight management"
"382","1956","2023-11-16","Annual Checkup","Vaccination completed, next due in 1 year"
"383","8691","2022-11-16","Dental Cleaning","Cleaning done, no dental issues"
"384","5987","2023-02-22","Injury","Physical therapy recommended for joint issues"
"385","6963","2022-10-06","Annual Checkup","Diet adjustment recommended for weight management"
"386","7785","2022-09-22","Dental Cleaning","Cleaning done, no dental issues"
"387","2881","2022-12-10","Annual Checkup","Diet adjustment recommended for weight management"
"388","3040","2022-09-07","Annual Checkup","Diet adjustment recommended for weight management"
"389","2869","2023-10-21","Injury","Sprain identified, rest and limited movement advised"
"390","3304","2023-07-25","Annual Checkup","Diet adjustment recommended for weight management"
"391","5090","2023-01-03","Injury","Sprain identified, rest and limited movement advised"
"392","8226","2022-08-20","Injury","Physical therapy recommended for joint issues"
"393","4339","2022-05-19","Dental Cleaning","Cleaning done, no dental issues"
"394","696","2023-05-08","Dental Cleaning","Cleaning done, no dental issues"
"395","427","2022-11-08","Annual Checkup","Diet adjustment recommended for weight management"
"396","864","2023-11-14","Injury","Physical therapy recommended for joint issues"
"397","8940","2023-06-05","Injury","Physical therapy recommended for joint issues"
"398","8789","2022-05-01","Annual Checkup","Vaccination completed, next due in 1 year"
"399","7833","2022-04-07","Dental Cleaning","Cleaning done, no dental issues"
"400","5406","2022-11-02","Annual Checkup","Diet adjustment recommended for weight management"
"401","3228","2022-12-23","Annual Checkup","Diet adjustment recommended for weight management"
"402","2178","2022-05-28","Dental Cleaning","Cleaning done, no dental issues"
"403","2729","2023-04-09","Annual Checkup","Diet adjustment recommended for weight management"
"404","2342","2023-05-07","Annual Checkup","Vaccination completed, next due in 1 year"
"405","4834","2023-10-17","Annual Checkup","All clear, healthy diet recommended"
"406","4074","2023-03-25","Injury","Minor surgery performed, recovery monitored"
"407","5890","2022-09-18","Injury","Minor surgery performed, recovery monitored"
"408","1292","2023-06-08","Annual Checkup","Diet adjustment recommended for weight management"
"409","8103","2022-12-12","Injury","Minor surgery performed, recovery monitored"
"410","2882","2022-09-25","Annual Checkup","Diet adjustment recommended for weight management"
"411","6859","2023-11-06","Annual Checkup","Vaccination completed, next due in 1 year"
"412","9030","2023-03-17","Annual Checkup","All clear, healthy diet recommended"
"413","1902","2023-03-05","Annual Checkup","All clear, healthy diet recommended"
"414","6778","2023-05-23","Annual Checkup","All clear, healthy diet recommended"
"415","658","2022-07-04","Dental Cleaning","Cleaning done, no dental issues"
"416","2882","2023-02-18","Injury","Physical therapy recommended for joint issues"
"417","3520","2023-04-14","Annual Checkup","Vaccination completed, next due in 1 year"
"418","2178","2023-12-28","Injury","Minor surgery performed, recovery monitored"
"419","9271","2022-04-16","Annual Checkup","Vaccination completed, next due in 1 year"
"420","9008","2023-08-02","Annual Checkup","Vaccination completed, next due in 1 year"
"421","6534","2023-10-01","Injury","Physical therapy recommended for joint issues"
"422","3300","2022-11-30","Annual Checkup","Vaccination completed, next due in 1 year"
"423","7970","2022-06-25","Dental Cleaning","Cleaning done, no dental issues"
"424","2471","2023-06-29","Dental Cleaning","Cleaning done, no dental issues"
"425","3300","2023-03-30","Injury","Physical therapy recommended for joint issues"
"426","6939","2023-08-06","Annual Checkup","Vaccination completed, next due in 1 year"
"427","150","2022-09-26","Annual Checkup","Diet adjustment recommended for weight management"
"428","9452","2023-09-20","Ear Infection","Medication and follow-up in 2 weeks for infection"
"429","9581","2023-11-20","Annual Checkup","All clear, healthy diet recommended"
"430","4212","2023-05-05","Annual Checkup","All clear, healthy diet recommended"
"431","9900","2022-08-26","Annual Checkup","All clear, healthy diet recommended"
"432","3017","2022-12-13","Annual Checkup","Vaccination completed, next due in 1 year"
"433","6919","2022-08-26","Ear Infection","Medication and follow-up in 2 weeks for infection"
"434","4307","2022-10-11","Injury","Sprain identified, rest and limited movement advised"
"435","4747","2022-05-02","Injury","Physical therapy recommended for joint issues"
"436","5799","2023-08-20","Annual Checkup","Diet adjustment recommended for weight management"
"437","1735","2023-11-25","Annual Checkup","All clear, healthy diet recommended"
"438","9071","2023-03-07","Annual Checkup","All clear, healthy diet recommended"
"439","6939","2023-12-12","Dental Cleaning","Cleaning done, no dental issues"
"440","6778","2023-08-25","Annual Checkup","Diet adjustment recommended for weight management"
"441","4778","2022-05-11","Annual Checkup","Vaccination completed, next due in 1 year"
"442","5216","2023-01-25","Annual Checkup","Vaccination completed, next due in 1 year"
"443","7757","2022-05-17","Ear Infection","Medication and follow-up in 2 weeks for infection"
"444","9191","2022-08-27","Dental Cleaning","Cleaning done, no dental issues"
"445","9618","2022-08-22","Annual Checkup","Diet adjustment recommended for weight management"
"446","5987","2023-03-01","Ear Infection","Medication and follow-up in 2 weeks for infection"
"447","1585","2023-12-20","Dental Cleaning","Cleaning done, no dental issues"
"448","5037","2023-01-20","Dental Cleaning","Cleaning done, no dental issues"
"449","3821","2023-04-26","Ear Infection","Medication and follow-up in 2 weeks for infection"
"450","4834","2023-05-12","Annual Checkup","Diet adjustment recommended for weight management"
"451","5090","2023-02-05","Ear Infection","Medication and follow-up in 2 weeks for infection"
"452","150","2023-10-04","Ear Infection","Medication and follow-up in 2 weeks for infection"
"453","751","2023-04-21","Dental Cleaning","Cleaning done, no dental issues"
"454","7716","2023-06-30","Injury","Minor surgery performed, recovery monitored"
"455","2415","2022-12-28","Annual Checkup","All clear, healthy diet recommended"
"456","7022","2023-06-26","Annual Checkup","Vaccination completed, next due in 1 year"
"457","986","2023-03-08","Annual Checkup","Diet adjustment recommended for weight management"
"458","6838","2023-07-09","Annual Checkup","All clear, healthy diet recommended"
"459","1635","2022-11-20","Annual Checkup","All clear, healthy diet recommended"
"460","7825","2023-09-05","Dental Cleaning","Cleaning done, no dental issues"
"461","306","2023-10-29","Dental Cleaning","Cleaning done, no dental issues"
"462","6725","2023-06-24","Injury","Sprain identified, rest and limited movement advised"
"463","8868","2023-04-30","Annual Checkup","All clear, healthy diet recommended"
"464","5395","2023-09-30","Dental Cleaning","Cleaning done, no dental issues"
"465","1846","2022-08-31","Annual Checkup","All clear, healthy diet recommended"
"466","6934","2023-12-03","Annual Checkup","Vaccination completed, next due in 1 year"
"467","2590","2023-01-13","Injury","Minor surgery performed, recovery monitored"
"468","5987","2023-08-08","Annual Checkup","Diet adjustment recommended for weight management"
"469","5863","2023-12-13","Ear Infection","Medication and follow-up in 2 weeks for infection"
"470","1207","2023-08-04","Injury","Physical therapy recommended for joint issues"
"471","6467","2023-10-18","Injury","Sprain identified, rest and limited movement advised"
"472","2840","2023-05-24","Injury","Minor surgery performed, recovery monitored"
"473","5091","2023-07-31","Annual Checkup","Diet adjustment recommended for weight management"
"474","7716","2023-07-03","Annual Checkup","All clear, healthy diet recommended"
"475","2284","2022-04-26","Annual Checkup","Vaccination completed, next due in 1 year"
"476","6731","2022-10-22","Annual Checkup","All clear, healthy diet recommended"
"477","8572","2023-02-26","Annual Checkup","Vaccination completed, next due in 1 year"
"478","9659","2023-06-21","Dental Cleaning","Cleaning done, no dental issues"
"479","2590","2022-04-22","Annual Checkup","All clear, healthy diet recommended"
"480","1322","2022-05-23","Injury","Minor surgery performed, recovery monitored"
"481","9485","2022-09-25","Annual Checkup","Diet adjustment recommended for weight management"
"482","8697","2022-04-07","Ear Infection","Medication and follow-up in 2 weeks for infection"
"483","8047","2023-11-09","Ear Infection","Medication and follow-up in 2 weeks for infection"
"484","4747","2023-02-19","Annual Checkup","All clear, healthy diet recommended"
"485","473","2022-06-22","Annual Checkup","Diet adjustment recommended for weight management"
"486","6376","2022-10-04","Annual Checkup","Vaccination completed, next due in 1 year"
"487","6683","2023-07-07","Ear Infection","Medication and follow-up in 2 weeks for infection"
"488","2837","2023-07-13","Annual Checkup","Diet adjustment recommended for weight management"
"489","5610","2022-10-21","Annual Checkup","All clear, healthy diet recommended"
"490","3220","2022-05-05","Ear Infection","Medication and follow-up in 2 weeks for infection"
"491","2794","2023-04-11","Annual Checkup","Diet adjustment recommended for weight management"
"492","2415","2022-04-04","Annual Checkup","All clear, healthy diet recommended"
"493","2813","2022-12-23","Dental Cleaning","Cleaning done, no dental issues"
"494","9539","2023-09-25","Injury","Physical therapy recommended for joint issues"
"495","4192","2023-01-04","Annual Checkup","Vaccination completed, next due in 1 year"
"496","9539","2023-10-13","Dental Cleaning","Cleaning done, no dental issues"
"497","8237","2023-11-16","Dental Cleaning","Cleaning done, no dental issues"
"498","3520","2023-09-23","Annual Checkup","Diet adjustment recommended for weight management"
"499","7788","2022-09-05","Annual Checkup","All clear, healthy diet recommended"
"500","538","2022-05-26","Injury","Sprain identified, rest and limited movement advised"
"501","8047","2023-08-09","Ear Infection","Medication and follow-up in 2 weeks for infection"
"502","5090","2023-09-01","Dental Cleaning","Cleaning done, no dental issues"
"503","1169","2023-11-22","Injury","Minor surgery performed, recovery monitored"
"504","9018","2022-05-22","Annual Checkup","Vaccination completed, next due in 1 year"
"505","6332","2022-05-19","Annual Checkup","All clear, healthy diet recommended"
"506","9379","2023-10-30","Dental Cleaning","Cleaning done, no dental issues"
"507","2415","2022-10-05","Dental Cleaning","Cleaning done, no dental issues"
"508","3686","2023-12-07","Annual Checkup","All clear, healthy diet recommended"
"509","9721","2023-07-04","Annual Checkup","All clear, healthy diet recommended"
"510","601","2023-04-19","Annual Checkup","Vaccination completed, next due in 1 year"
"511","627","2022-10-07","Ear Infection","Medication and follow-up in 2 weeks for infection"
"512","7785","2022-04-12","Ear Infection","Medication and follow-up in 2 weeks for infection"
"513","7825","2022-05-17","Ear Infection","Medication and follow-up in 2 weeks for infection"
"514","9659","2023-04-28","Annual Checkup","Vaccination completed, next due in 1 year"
"515","6141","2023-08-16","Dental Cleaning","Cleaning done, no dental issues"
"516","8993","2022-07-20","Annual Checkup","Vaccination completed, next due in 1 year"
"517","7485","2023-01-25","Annual Checkup","Diet adjustment recommended for weight management"
"518","6617","2022-12-04","Annual Checkup","Diet adjustment recommended for weight management"
"519","5968","2022-04-25","Ear Infection","Medication and follow-up in 2 weeks for infection"
"520","6467","2023-04-27","Injury","Minor surgery performed, recovery monitored"
"521","5037","2023-01-19","Injury","Minor surgery performed, recovery monitored"
"522","7680","2023-12-11","Annual Checkup","Diet adjustment recommended for weight management"
"523","4045","2023-10-26","Dental Cleaning","Cleaning done, no dental issues"
"524","5968","2023-09-22","Annual Checkup","Diet adjustment recommended for weight management"
"525","7485","2023-02-17","Annual Checkup","Vaccination completed, next due in 1 year"
"526","4726","2023-07-26","Annual Checkup","All clear, healthy diet recommended"
"527","5540","2023-01-11","Annual Checkup","Diet adjustment recommended for weight management"
"528","9632","2022-10-23","Annual Checkup","All clear, healthy diet recommended"
"529","5418","2023-10-17","Annual Checkup","All clear, healthy diet recommended"
"530","2898","2022-04-12","Ear Infection","Medication and follow-up in 2 weeks for infection"
"531","1204","2023-04-28","Injury","Sprain identified, rest and limited movement advised"
"532","3420","2023-05-10","Injury","Physical therapy recommended for joint issues"
"533","2547","2023-07-04","Annual Checkup","Diet adjustment recommended for weight management"
"534","239","2023-10-06","Injury","Sprain identified, rest and limited movement advised"
"535","248","2022-07-20","Annual Checkup","Vaccination completed, next due in 1 year"
"536","4768","2023-05-19","Annual Checkup","Diet adjustment recommended for weight management"
"537","5503","2022-06-09","Ear Infection","Medication and follow-up in 2 weeks for infection"
"538","2813","2023-01-06","Injury","Minor surgery performed, recovery monitored"
"539","8789","2023-10-25","Annual Checkup","All clear, healthy diet recommended"
"540","5540","2023-01-11","Injury","Physical therapy recommended for joint issues"
"541","8418","2022-12-14","Annual Checkup","All clear, healthy diet recommended"
"542","7080","2023-05-17","Dental Cleaning","Cleaning done, no dental issues"
"543","5747","2022-05-03","Annual Checkup","Diet adjustment recommended for weight management"
"544","8989","2023-02-27","Annual Checkup","Diet adjustment recommended for weight management"
"545","4339","2023-01-18","Ear Infection","Medication and follow-up in 2 weeks for infection"
"546","7956","2022-12-06","Annual Checkup","All clear, healthy diet recommended"
"547","5823","2022-07-22","Dental Cleaning","Cleaning done, no dental issues"
"548","337","2023-05-07","Annual Checkup","Diet adjustment recommended for weight management"
"549","4480","2022-06-27","Injury","Sprain identified, rest and limited movement advised"
"550","5288","2023-09-11","Annual Checkup","Diet adjustment recommended for weight management"
"551","4899","2022-07-26","Injury","Minor surgery performed, recovery monitored"
"552","2630","2022-07-06","Annual Checkup","Diet adjustment recommended for weight management"
"553","4912","2023-10-20","Ear Infection","Medication and follow-up in 2 weeks for infection"
"554","9706","2023-02-25","Annual Checkup","Vaccination completed, next due in 1 year"
"555","1207","2023-09-23","Annual Checkup","Diet adjustment recommended for weight management"
"556","7113","2022-06-03","Annual Checkup","All clear, healthy diet recommended"
"557","2144","2023-04-03","Dental Cleaning","Cleaning done, no dental issues"
"558","1925","2022-06-20","Annual Checkup","All clear, healthy diet recommended"
"559","1678","2023-09-01","Injury","Sprain identified, rest and limited movement advised"
"560","8586","2023-01-21","Annual Checkup","Diet adjustment recommended for weight management"
"561","5062","2023-04-04","Annual Checkup","Vaccination completed, next due in 1 year"
"562","7022","2022-12-01","Annual Checkup","Vaccination completed, next due in 1 year"
"563","6032","2023-10-27","Injury","Sprain identified, rest and limited movement advised"
"564","1441","2023-12-09","Dental Cleaning","Cleaning done, no dental issues"
"565","9322","2022-12-15","Dental Cleaning","Cleaning done, no dental issues"
"566","6376","2023-09-23","Dental Cleaning","Cleaning done, no dental issues"
"567","8716","2023-05-28","Ear Infection","Medication and follow-up in 2 weeks for infection"
"568","3784","2023-09-07","Annual Checkup","Vaccination completed, next due in 1 year"
"569","5890","2022-10-06","Dental Cleaning","Cleaning done, no dental issues"
"570","9445","2023-01-19","Annual Checkup","Diet adjustment recommended for weight management"
"571","8237","2023-11-11","Dental Cleaning","Cleaning done, no dental issues"
"572","2783","2023-06-25","Annual Checkup","Diet adjustment recommended for weight management"
"573","4690","2023-06-13","Annual Checkup","Vaccination completed, next due in 1 year"
"574","538","2022-11-08","Injury","Minor surgery performed, recovery monitored"
"575","516","2023-02-13","Injury","Sprain identified, rest and limited movement advised"
"576","8710","2022-11-07","Annual Checkup","All clear, healthy diet recommended"
"577","9115","2022-12-21","Annual Checkup","Diet adjustment recommended for weight management"
"578","5919","2022-05-28","Dental Cleaning","Cleaning done, no dental issues"
"579","2888","2023-01-18","Dental Cleaning","Cleaning done, no dental issues"
"580","2726","2022-06-26","Ear Infection","Medication and follow-up in 2 weeks for infection"
"581","5071","2023-06-14","Annual Checkup","Vaccination completed, next due in 1 year"
"582","831","2022-10-19","Dental Cleaning","Cleaning done, no dental issues"
"583","3884","2023-06-26","Dental Cleaning","Cleaning done, no dental issues"
"584","3225","2022-06-26","Injury","Sprain identified, rest and limited movement advised"
"585","1261","2023-02-23","Annual Checkup","Vaccination completed, next due in 1 year"
"586","6919","2023-03-01","Ear Infection","Medication and follow-up in 2 weeks for infection"
"587","8981","2023-03-27","Annual Checkup","Diet adjustment recommended for weight management"
"588","1735","2023-09-23","Ear Infection","Medication and follow-up in 2 weeks for infection"
"589","3856","2023-04-11","Dental Cleaning","Cleaning done, no dental issues"
"590","5958","2022-08-27","Annual Checkup","All clear, healthy diet recommended"
"591","2755","2023-01-24","Annual Checkup","All clear, healthy diet recommended"
"592","8047","2023-06-21","Annual Checkup","Diet adjustment recommended for weight management"
"593","7799","2023-02-02","Ear Infection","Medication and follow-up in 2 weeks for infection"
"594","7172","2022-10-07","Injury","Minor surgery performed, recovery monitored"
"595","9581","2022-04-13","Annual Checkup","Diet adjustment recommended for weight management"
"596","4768","2023-10-30","Dental Cleaning","Cleaning done, no dental issues"
"597","9","2023-12-01","Dental Cleaning","Cleaning done, no dental issues"
"598","7970","2023-01-31","Dental Cleaning","Cleaning done, no dental issues"
"599","1297","2022-12-31","Annual Checkup","Diet adjustment recommended for weight management"
"600","5919","2023-06-17","Dental Cleaning","Cleaning done, no dental issues"
"601","7374","2023-01-16","Injury","Sprain identified, rest and limited movement advised"
"602","5017","2023-09-20","Dental Cleaning","Cleaning done, no dental issues"
"603","4024","2022-11-04","Annual Checkup","All clear, healthy diet recommended"
"604","5578","2023-06-20","Dental Cleaning","Cleaning done, no dental issues"
"605","2794","2022-09-12","Annual Checkup","All clear, healthy diet recommended"
"606","6731","2022-12-30","Annual Checkup","Diet adjustment recommended for weight management"
"607","3370","2022-07-30","Annual Checkup","All clear, healthy diet recommended"
"608","5414","2023-03-24","Injury","Sprain identified, rest and limited movement advised"
"609","2794","2022-05-10","Injury","Sprain identified, rest and limited movement advised"
"610","6806","2022-10-24","Dental Cleaning","Cleaning done, no dental issues"
"611","1846","2023-02-05","Annual Checkup","All clear, healthy diet recommended"
"612","8705","2023-01-10","Annual Checkup","All clear, healthy diet recommended"
"613","1370","2022-06-13","Injury","Sprain identified, rest and limited movement advised"
"614","831","2023-01-13","Injury","Sprain identified, rest and limited movement advised"
"615","3638","2023-05-06","Injury","Minor surgery performed, recovery monitored"
"616","1901","2022-09-12","Annual Checkup","All clear, healthy diet recommended"
"617","121","2022-10-24","Annual Checkup","All clear, healthy diet recommended"
"618","8387","2022-10-27","Injury","Sprain identified, rest and limited movement advised"
"619","1585","2023-11-24","Dental Cleaning","Cleaning done, no dental issues"
"620","5017","2023-06-17","Ear Infection","Medication and follow-up in 2 weeks for infection"
"621","1204","2022-10-31","Annual Checkup","Diet adjustment recommended for weight management"
"622","3530","2023-11-28","Annual Checkup","Vaccination completed, next due in 1 year"
"623","3289","2022-05-08","Injury","Physical therapy recommended for joint issues"
"624","6482","2022-11-02","Dental Cleaning","Cleaning done, no dental issues"
"625","1239","2023-05-01","Annual Checkup","Diet adjustment recommended for weight management"
"626","1169","2022-11-21","Dental Cleaning","Cleaning done, no dental issues"
"627","4592","2023-10-06","Dental Cleaning","Cleaning done, no dental issues"
"628","3223","2023-07-24","Annual Checkup","All clear, healthy diet recommended"
"629","1334","2023-12-05","Annual Checkup","All clear, healthy diet recommended"
"630","7956","2023-03-05","Dental Cleaning","Cleaning done, no dental issues"
"631","6896","2022-07-26","Annual Checkup","Vaccination completed, next due in 1 year"
"632","8244","2023-07-04","Injury","Physical therapy recommended for joint issues"
"633","4777","2022-09-22","Injury","Sprain identified, rest and limited movement advised"
"634","7833","2022-11-03","Annual Checkup","All clear, healthy diet recommended"
"635","4584","2023-07-04","Annual Checkup","All clear, healthy diet recommended"
"636","8387","2023-05-28","Annual Checkup","Diet adjustment recommended for weight management"
"637","5643","2023-07-23","Injury","Sprain identified, rest and limited movement advised"
"638","4001","2023-07-31","Injury","Minor surgery performed, recovery monitored"
"639","9305","2022-08-14","Annual Checkup","Diet adjustment recommended for weight management"
"640","5288","2022-05-23","Dental Cleaning","Cleaning done, no dental issues"
"641","5984","2023-12-10","Annual Checkup","Diet adjustment recommended for weight management"
"642","8244","2022-12-29","Annual Checkup","All clear, healthy diet recommended"
"643","1345","2023-06-17","Dental Cleaning","Cleaning done, no dental issues"
"644","9227","2023-10-29","Injury","Minor surgery performed, recovery monitored"
"645","3291","2022-05-07","Annual Checkup","All clear, healthy diet recommended"
"646","6725","2022-06-26","Annual Checkup","Diet adjustment recommended for weight management"
"647","9223","2022-12-22","Annual Checkup","Diet adjustment recommended for weight management"
"648","6534","2023-04-16","Annual Checkup","Vaccination completed, next due in 1 year"
"649","3723","2022-10-18","Annual Checkup","Vaccination completed, next due in 1 year"
"650","9721","2023-12-15","Annual Checkup","All clear, healthy diet recommended"
"651","3638","2023-07-26","Annual Checkup","Vaccination completed, next due in 1 year"
"652","1968","2022-12-11","Annual Checkup","Vaccination completed, next due in 1 year"
"653","121","2022-12-04","Ear Infection","Medication and follow-up in 2 weeks for infection"
"654","751","2023-10-29","Dental Cleaning","Cleaning done, no dental issues"
"655","986","2023-08-12","Dental Cleaning","Cleaning done, no dental issues"
"656","9721","2022-12-24","Annual Checkup","Vaccination completed, next due in 1 year"
"657","2794","2022-09-01","Annual Checkup","Diet adjustment recommended for weight management"
"658","2299","2022-05-27","Annual Checkup","Vaccination completed, next due in 1 year"
"659","751","2022-10-15","Annual Checkup","Diet adjustment recommended for weight management"
"660","2058","2023-08-29","Annual Checkup","Vaccination completed, next due in 1 year"
"661","7352","2022-10-11","Annual Checkup","All clear, healthy diet recommended"
"662","6331","2023-07-22","Injury","Sprain identified, rest and limited movement advised"
"663","2901","2022-07-17","Injury","Sprain identified, rest and limited movement advised"
"664","4452","2022-04-01","Annual Checkup","Diet adjustment recommended for weight management"
"665","4995","2022-12-24","Ear Infection","Medication and follow-up in 2 weeks for infection"
"666","7298","2023-04-27","Dental Cleaning","Cleaning done, no dental issues"
"667","6901","2023-11-22","Injury","Sprain identified, rest and limited movement advised"
"668","1585","2023-08-07","Dental Cleaning","Cleaning done, no dental issues"
"669","6897","2023-10-02","Annual Checkup","All clear, healthy diet recommended"
"670","7190","2022-08-29","Injury","Physical therapy recommended for joint issues"
"671","9684","2022-12-09","Dental Cleaning","Cleaning done, no dental issues"
"672","741","2022-06-29","Ear Infection","Medication and follow-up in 2 weeks for infection"
"673","9018","2022-04-03","Annual Checkup","Vaccination completed, next due in 1 year"
"674","428","2023-03-31","Annual Checkup","Vaccination completed, next due in 1 year"
"675","3846","2022-11-24","Injury","Sprain identified, rest and limited movement advised"
"676","8993","2023-06-23","Annual Checkup","All clear, healthy diet recommended"
"677","5699","2022-10-13","Dental Cleaning","Cleaning done, no dental issues"
"678","2278","2022-07-07","Ear Infection","Medication and follow-up in 2 weeks for infection"
"679","3695","2023-10-23","Annual Checkup","Vaccination completed, next due in 1 year"
"680","5632","2022-04-28","Dental Cleaning","Cleaning done, no dental issues"
"681","6689","2023-12-11","Annual Checkup","Diet adjustment recommended for weight management"
"682","9230","2023-03-28","Dental Cleaning","Cleaning done, no dental issues"
"683","3686","2023-07-05","Dental Cleaning","Cleaning done, no dental issues"
"684","9472","2022-09-05","Injury","Minor surgery performed, recovery monitored"
"685","7482","2023-02-14","Dental Cleaning","Cleaning done, no dental issues"
"686","9578","2023-09-29","Annual Checkup","All clear, healthy diet recommended"
"687","6409","2022-05-16","Dental Cleaning","Cleaning done, no dental issues"
"688","4060","2023-02-22","Annual Checkup","All clear, healthy diet recommended"
"689","8840","2023-05-15","Ear Infection","Medication and follow-up in 2 weeks for infection"
"690","7393","2022-11-26","Injury","Minor surgery performed, recovery monitored"
"691","5501","2023-05-11","Annual Checkup","Diet adjustment recommended for weight management"
"692","9695","2023-06-28","Ear Infection","Medication and follow-up in 2 weeks for infection"
"693","5288","2022-04-24","Annual Checkup","All clear, healthy diet recommended"
"694","1888","2022-11-27","Annual Checkup","Diet adjustment recommended for weight management"
"695","5445","2022-10-14","Ear Infection","Medication and follow-up in 2 weeks for infection"
"696","3484","2023-06-23","Annual Checkup","Diet adjustment recommended for weight management"
"697","3723","2022-06-21","Annual Checkup","Vaccination completed, next due in 1 year"
"698","8877","2023-02-13","Annual Checkup","Diet adjustment recommended for weight management"
"699","5017","2023-06-13","Annual Checkup","Vaccination completed, next due in 1 year"
"700","6534","2023-07-08","Injury","Physical therapy recommended for joint issues"
"701","7680","2023-06-22","Annual Checkup","All clear, healthy diet recommended"
"702","5107","2022-05-07","Injury","Minor surgery performed, recovery monitored"
"703","5445","2022-06-28","Injury","Minor surgery performed, recovery monitored"
"704","7833","2022-04-28","Injury","Physical therapy recommended for joint issues"
"705","3484","2022-06-16","Injury","Minor surgery performed, recovery monitored"
"706","532","2022-07-30","Injury","Minor surgery performed, recovery monitored"
"707","8691","2023-06-15","Annual Checkup","Diet adjustment recommended for weight management"
"708","3220","2022-12-07","Ear Infection","Medication and follow-up in 2 weeks for infection"
"709","9018","2023-02-09","Annual Checkup","Diet adjustment recommended for weight management"
"710","1382","2022-08-24","Annual Checkup","Vaccination completed, next due in 1 year"
"711","8710","2023-03-24","Annual Checkup","Diet adjustment recommended for weight management"
"712","5457","2022-11-23","Injury","Sprain identified, rest and limited movement advised"
"713","7716","2023-01-26","Dental Cleaning","Cleaning done, no dental issues"
"714","3767","2023-09-27","Annual Checkup","Diet adjustment recommended for weight management"
"715","5919","2022-05-24","Dental Cleaning","Cleaning done, no dental issues"
"716","9721","2023-05-15","Ear Infection","Medication and follow-up in 2 weeks for infection"
"717","2735","2023-10-25","Annual Checkup","All clear, healthy diet recommended"
"718","5421","2022-04-17","Annual Checkup","Vaccination completed, next due in 1 year"
"719","2717","2023-11-14","Annual Checkup","Diet adjustment recommended for weight management"
"720","3686","2023-07-11","Injury","Minor surgery performed, recovery monitored"
"721","1968","2022-11-26","Injury","Sprain identified, rest and limited movement advised"
"722","3988","2022-04-23","Annual Checkup","Diet adjustment recommended for weight management"
"723","4192","2023-04-12","Annual Checkup","Diet adjustment recommended for weight management"
"724","556","2023-04-04","Ear Infection","Medication and follow-up in 2 weeks for infection"
"725","2755","2023-05-21","Injury","Physical therapy recommended for joint issues"
"726","8103","2023-12-06","Ear Infection","Medication and follow-up in 2 weeks for infection"
"727","4777","2022-08-14","Dental Cleaning","Cleaning done, no dental issues"
"728","7113","2023-02-02","Dental Cleaning","Cleaning done, no dental issues"
"729","9236","2023-01-26","Annual Checkup","Diet adjustment recommended for weight management"
"730","774","2023-12-24","Annual Checkup","Diet adjustment recommended for weight management"
"731","2144","2022-06-13","Annual Checkup","All clear, healthy diet recommended"
"732","9230","2022-12-13","Annual Checkup","Diet adjustment recommended for weight management"
"733","215","2022-12-10","Annual Checkup","Vaccination completed, next due in 1 year"
"734","2342","2022-06-18","Annual Checkup","All clear, healthy diet recommended"
"735","7799","2023-09-09","Annual Checkup","Diet adjustment recommended for weight management"
"736","9167","2023-04-02","Injury","Sprain identified, rest and limited movement advised"
"737","3228","2022-09-16","Injury","Sprain identified, rest and limited movement advised"
"738","2178","2023-08-26","Dental Cleaning","Cleaning done, no dental issues"
"739","7891","2023-12-29","Annual Checkup","All clear, healthy diet recommended"
"740","6683","2023-06-13","Annual Checkup","Vaccination completed, next due in 1 year"
"741","9011","2022-07-24","Dental Cleaning","Cleaning done, no dental issues"
"742","1006","2023-05-16","Ear Infection","Medication and follow-up in 2 weeks for infection"
"743","5863","2023-06-25","Ear Infection","Medication and follow-up in 2 weeks for infection"
"744","8103","2022-06-21","Injury","Physical therapy recommended for joint issues"
"745","9632","2022-04-26","Ear Infection","Medication and follow-up in 2 weeks for infection"
"746","7891","2022-12-18","Annual Checkup","All clear, healthy diet recommended"
"747","1297","2022-09-03","Annual Checkup","Vaccination completed, next due in 1 year"
"748","5037","2022-12-22","Dental Cleaning","Cleaning done, no dental issues"
"749","9813","2022-07-03","Injury","Physical therapy recommended for joint issues"
"750","7825","2022-12-08","Injury","Minor surgery performed, recovery monitored"
"751","9407","2023-10-11","Dental Cleaning","Cleaning done, no dental issues"
"752","8746","2023-03-14","Annual Checkup","Vaccination completed, next due in 1 year"
"753","3735","2023-04-10","Annual Checkup","Vaccination completed, next due in 1 year"
"754","1888","2022-11-11","Annual Checkup","All clear, healthy diet recommended"
"755","9618","2022-04-09","Dental Cleaning","Cleaning done, no dental issues"
"756","7891","2023-02-28","Annual Checkup","Vaccination completed, next due in 1 year"
"757","4060","2022-08-21","Annual Checkup","Vaccination completed, next due in 1 year"
"758","3225","2022-11-11","Injury","Physical therapy recommended for joint issues"
"759","2843","2022-05-16","Dental Cleaning","Cleaning done, no dental issues"
"760","3225","2022-09-07","Annual Checkup","Diet adjustment recommended for weight management"
"761","3309","2023-10-03","Annual Checkup","All clear, healthy diet recommended"
"762","4937","2022-08-07","Injury","Physical therapy recommended for joint issues"
"763","9930","2023-03-31","Dental Cleaning","Cleaning done, no dental issues"
"764","5540","2022-05-10","Ear Infection","Medication and follow-up in 2 weeks for infection"
"765","2729","2023-06-07","Annual Checkup","Diet adjustment recommended for weight management"
"766","2869","2023-07-29","Dental Cleaning","Cleaning done, no dental issues"
"767","2729","2022-09-24","Dental Cleaning","Cleaning done, no dental issues"
"768","9407","2022-06-10","Annual Checkup","Vaccination completed, next due in 1 year"
"769","9","2023-08-02","Injury","Sprain identified, rest and limited movement advised"
"770","5457","2022-09-10","Annual Checkup","Vaccination completed, next due in 1 year"
"771","6816","2022-09-11","Dental Cleaning","Cleaning done, no dental issues"
"772","3147","2022-10-16","Annual Checkup","All clear, healthy diet recommended"
"773","217","2022-12-10","Injury","Sprain identified, rest and limited movement advised"
"774","3088","2022-07-03","Annual Checkup","All clear, healthy diet recommended"
"775","3828","2023-07-18","Ear Infection","Medication and follow-up in 2 weeks for infection"
"776","9712","2022-09-20","Annual Checkup","Vaccination completed, next due in 1 year"
"777","3884","2023-04-25","Annual Checkup","Diet adjustment recommended for weight management"
"778","2544","2023-11-13","Injury","Minor surgery performed, recovery monitored"
"779","3587","2023-01-27","Dental Cleaning","Cleaning done, no dental issues"
"780","5406","2022-12-29","Dental Cleaning","Cleaning done, no dental issues"
"781","2912","2022-10-08","Annual Checkup","All clear, healthy diet recommended"
"782","9769","2023-05-13","Annual Checkup","Diet adjustment recommended for weight management"
"783","585","2022-05-27","Annual Checkup","Vaccination completed, next due in 1 year"
"784","9539","2023-10-11","Annual Checkup","Vaccination completed, next due in 1 year"
"785","2888","2023-02-01","Injury","Minor surgery performed, recovery monitored"
"786","7891","2022-12-07","Dental Cleaning","Cleaning done, no dental issues"
"787","9419","2022-10-03","Ear Infection","Medication and follow-up in 2 weeks for infection"
"788","8702","2023-03-25","Ear Infection","Medication and follow-up in 2 weeks for infection"
"789","8342","2022-04-27","Annual Checkup","All clear, healthy diet recommended"
"790","8354","2022-05-05","Annual Checkup","All clear, healthy diet recommended"
"791","2492","2023-07-28","Annual Checkup","Vaccination completed, next due in 1 year"
"792","7485","2022-09-07","Dental Cleaning","Cleaning done, no dental issues"
"793","4583","2022-07-30","Annual Checkup","All clear, healthy diet recommended"
"794","6454","2022-08-29","Dental Cleaning","Cleaning done, no dental issues"
"795","8353","2023-05-03","Injury","Physical therapy recommended for joint issues"
"796","5323","2023-03-15","Dental Cleaning","Cleaning done, no dental issues"
"797","5630","2023-06-12","Injury","Minor surgery performed, recovery monitored"
"798","2837","2022-10-03","Injury","Minor surgery performed, recovery monitored"
"799","5334","2023-11-19","Annual Checkup","Diet adjustment recommended for weight management"
"800","309","2023-06-09","Annual Checkup","Vaccination completed, next due in 1 year"
"801","7692","2023-10-15","Ear Infection","Medication and follow-up in 2 weeks for infection"
"802","6482","2022-04-08","Annual Checkup","All clear, healthy diet recommended"
"803","9659","2023-07-06","Annual Checkup","Vaccination completed, next due in 1 year"
"804","6556","2023-07-08","Annual Checkup","Vaccination completed, next due in 1 year"
"805","3190","2022-04-20","Dental Cleaning","Cleaning done, no dental issues"
"806","3530","2023-01-02","Dental Cleaning","Cleaning done, no dental issues"
"807","1846","2022-10-16","Ear Infection","Medication and follow-up in 2 weeks for infection"
"808","8387","2023-09-14","Annual Checkup","All clear, healthy diet recommended"
"809","1678","2023-02-20","Annual Checkup","All clear, healthy diet recommended"
"810","9712","2023-12-06","Dental Cleaning","Cleaning done, no dental issues"
"811","6609","2022-08-17","Annual Checkup","Vaccination completed, next due in 1 year"
"812","5747","2023-03-19","Dental Cleaning","Cleaning done, no dental issues"
"813","3856","2023-09-25","Ear Infection","Medication and follow-up in 2 weeks for infection"
"814","5940","2023-10-18","Annual Checkup","All clear, healthy diet recommended"
"815","5323","2023-08-12","Annual Checkup","Diet adjustment recommended for weight management"
"816","2058","2022-06-26","Annual Checkup","Vaccination completed, next due in 1 year"
"817","8353","2022-06-22","Dental Cleaning","Cleaning done, no dental issues"
"818","5925","2022-04-25","Annual Checkup","Vaccination completed, next due in 1 year"
"819","9558","2023-03-05","Dental Cleaning","Cleaning done, no dental issues"
"820","6338","2022-08-22","Annual Checkup","Vaccination completed, next due in 1 year"
"821","538","2023-06-14","Annual Checkup","All clear, healthy diet recommended"
"822","8177","2022-04-02","Annual Checkup","All clear, healthy diet recommended"
"823","1772","2023-11-05","Annual Checkup","All clear, healthy diet recommended"
"824","9218","2023-11-24","Dental Cleaning","Cleaning done, no dental issues"
"825","8710","2022-07-09","Ear Infection","Medication and follow-up in 2 weeks for infection"
"826","6731","2023-01-30","Injury","Physical therapy recommended for joint issues"
"827","4438","2022-09-26","Annual Checkup","Vaccination completed, next due in 1 year"
"828","6518","2023-09-22","Injury","Sprain identified, rest and limited movement advised"
"829","2869","2023-06-24","Injury","Physical therapy recommended for joint issues"
"830","3750","2022-12-30","Injury","Minor surgery performed, recovery monitored"
"831","831","2022-11-15","Annual Checkup","Vaccination completed, next due in 1 year"
"832","4947","2022-10-20","Annual Checkup","Vaccination completed, next due in 1 year"
"833","7331","2023-09-25","Dental Cleaning","Cleaning done, no dental issues"
"834","4073","2023-03-18","Annual Checkup","All clear, healthy diet recommended"
"835","4768","2022-12-01","Ear Infection","Medication and follow-up in 2 weeks for infection"
"836","7296","2023-12-07","Annual Checkup","All clear, healthy diet recommended"
"837","4690","2023-11-29","Annual Checkup","Diet adjustment recommended for weight management"
"838","2381","2023-10-30","Dental Cleaning","Cleaning done, no dental issues"
"839","6729","2022-06-03","Annual Checkup","Vaccination completed, next due in 1 year"
"840","8354","2023-02-19","Annual Checkup","All clear, healthy diet recommended"
"841","6205","2022-10-19","Annual Checkup","Diet adjustment recommended for weight management"
"842","4307","2022-04-17","Dental Cleaning","Cleaning done, no dental issues"
"843","6963","2022-11-03","Annual Checkup","All clear, healthy diet recommended"
"844","1060","2023-12-02","Ear Infection","Medication and follow-up in 2 weeks for infection"
"845","2729","2022-08-14","Annual Checkup","All clear, healthy diet recommended"
"846","503","2023-07-13","Annual Checkup","All clear, healthy diet recommended"
"847","9960","2023-07-25","Annual Checkup","Diet adjustment recommended for weight management"
"848","3467","2022-09-19","Dental Cleaning","Cleaning done, no dental issues"
"849","2415","2022-11-14","Annual Checkup","Diet adjustment recommended for weight management"
"850","7757","2023-06-09","Annual Checkup","Vaccination completed, next due in 1 year"
"851","6851","2022-08-21","Dental Cleaning","Cleaning done, no dental issues"
"852","9236","2023-11-28","Injury","Minor surgery performed, recovery monitored"
"853","9271","2023-07-22","Dental Cleaning","Cleaning done, no dental issues"
"854","9946","2022-12-09","Dental Cleaning","Cleaning done, no dental issues"
"855","5578","2022-10-14","Annual Checkup","Diet adjustment recommended for weight management"
"856","9163","2023-07-30","Dental Cleaning","Cleaning done, no dental issues"
"857","6102","2023-11-16","Annual Checkup","Diet adjustment recommended for weight management"
"858","8697","2022-11-25","Injury","Minor surgery performed, recovery monitored"
"859","7331","2022-04-06","Annual Checkup","Diet adjustment recommended for weight management"
"860","5194","2022-05-23","Dental Cleaning","Cleaning done, no dental issues"
"861","3828","2022-06-15","Dental Cleaning","Cleaning done, no dental issues"
"862","1370","2023-06-20","Annual Checkup","Diet adjustment recommended for weight management"
"863","1939","2023-01-10","Dental Cleaning","Cleaning done, no dental issues"
"864","4212","2023-08-28","Dental Cleaning","Cleaning done, no dental issues"
"865","8586","2023-06-08","Annual Checkup","Diet adjustment recommended for weight management"
"866","7113","2023-01-12","Annual Checkup","Vaccination completed, next due in 1 year"
"867","3612","2023-07-23","Annual Checkup","All clear, healthy diet recommended"
"868","6617","2023-02-07","Annual Checkup","Vaccination completed, next due in 1 year"
"869","9968","2022-10-03","Dental Cleaning","Cleaning done, no dental issues"
"870","6121","2023-12-08","Annual Checkup","All clear, healthy diet recommended"
"871","5243","2023-07-03","Annual Checkup","All clear, healthy diet recommended"
"872","3767","2022-07-29","Annual Checkup","Vaccination completed, next due in 1 year"
"873","5925","2023-10-30","Annual Checkup","Vaccination completed, next due in 1 year"
"874","6121","2022-05-31","Annual Checkup","Diet adjustment recommended for weight management"
"875","5789","2023-09-07","Injury","Minor surgery performed, recovery monitored"
"876","5421","2022-11-08","Dental Cleaning","Cleaning done, no dental issues"
"877","7416","2023-01-27","Dental Cleaning","Cleaning done, no dental issues"
"878","4150","2022-07-28","Annual Checkup","All clear, healthy diet recommended"
"879","2747","2023-11-07","Dental Cleaning","Cleaning done, no dental issues"
"880","1001","2023-03-25","Annual Checkup","Vaccination completed, next due in 1 year"
"881","6556","2023-09-03","Injury","Minor surgery performed, recovery monitored"
"882","9","2023-01-13","Dental Cleaning","Cleaning done, no dental issues"
"883","8702","2022-09-17","Ear Infection","Medication and follow-up in 2 weeks for infection"
"884","9136","2022-04-06","Injury","Physical therapy recommended for joint issues"
"885","4278","2023-09-24","Annual Checkup","All clear, healthy diet recommended"
"886","8705","2022-09-21","Dental Cleaning","Cleaning done, no dental issues"
"887","5747","2023-05-07","Injury","Minor surgery performed, recovery monitored"
"888","1956","2023-09-01","Annual Checkup","All clear, healthy diet recommended"
"889","9124","2022-11-23","Ear Infection","Medication and follow-up in 2 weeks for infection"
"890","7799","2023-02-17","Dental Cleaning","Cleaning done, no dental issues"
"891","3617","2023-12-22","Annual Checkup","Vaccination completed, next due in 1 year"
"892","9856","2023-01-15","Dental Cleaning","Cleaning done, no dental issues"
"893","3569","2022-10-12","Ear Infection","Medication and follow-up in 2 weeks for infection"
"894","9187","2022-07-18","Annual Checkup","Vaccination completed, next due in 1 year"
"895","8676","2022-10-13","Injury","Sprain identified, rest and limited movement advised"
"896","8510","2022-06-02","Injury","Sprain identified, rest and limited movement advised"
"897","3750","2023-02-14","Annual Checkup","Vaccination completed, next due in 1 year"
"898","1678","2023-07-09","Annual Checkup","All clear, healthy diet recommended"
"899","1939","2023-01-19","Annual Checkup","Diet adjustment recommended for weight management"
"900","2726","2022-08-26","Dental Cleaning","Cleaning done, no dental issues"
"901","6556","2022-04-06","Dental Cleaning","Cleaning done, no dental issues"
"902","1963","2023-08-24","Annual Checkup","All clear, healthy diet recommended"
"903","8840","2023-07-22","Annual Checkup","Diet adjustment recommended for weight management"
"904","6482","2023-07-08","Annual Checkup","All clear, healthy diet recommended"
"905","2590","2023-12-14","Annual Checkup","All clear, healthy diet recommended"
"906","2898","2022-08-19","Annual Checkup","All clear, healthy diet recommended"
"907","9525","2022-08-14","Annual Checkup","All clear, healthy diet recommended"
"908","2191","2022-12-03","Annual Checkup","Diet adjustment recommended for weight management"
"909","9445","2023-07-01","Annual Checkup","Diet adjustment recommended for weight management"
"910","717","2022-09-07","Annual Checkup","Vaccination completed, next due in 1 year"
"911","7004","2023-11-30","Annual Checkup","All clear, healthy diet recommended"
"912","8940","2022-05-23","Annual Checkup","Diet adjustment recommended for weight management"
"913","9379","2023-02-15","Annual Checkup","All clear, healthy diet recommended"
"914","2837","2023-08-05","Annual Checkup","Vaccination completed, next due in 1 year"
"915","4438","2022-04-13","Annual Checkup","Vaccination completed, next due in 1 year"
"916","9581","2022-04-07","Dental Cleaning","Cleaning done, no dental issues"
"917","1949","2023-02-14","Dental Cleaning","Cleaning done, no dental issues"
"918","3484","2023-04-28","Dental Cleaning","Cleaning done, no dental issues"
"919","6556","2023-12-09","Annual Checkup","Diet adjustment recommended for weight management"
"920","8226","2023-09-27","Annual Checkup","Diet adjustment recommended for weight management"
"921","9695","2023-02-06","Injury","Minor surgery performed, recovery monitored"
"922","658","2022-07-23","Dental Cleaning","Cleaning done, no dental issues"
"923","3846","2023-02-05","Annual Checkup","Diet adjustment recommended for weight management"
"924","9379","2022-04-21","Ear Infection","Medication and follow-up in 2 weeks for infection"
"925","3821","2023-10-02","Annual Checkup","Diet adjustment recommended for weight management"
"926","2287","2023-01-18","Annual Checkup","All clear, healthy diet recommended"
"927","9561","2022-11-10","Annual Checkup","Diet adjustment recommended for weight management"
"928","6518","2023-03-11","Dental Cleaning","Cleaning done, no dental issues"
"929","5288","2023-10-17","Annual Checkup","Diet adjustment recommended for weight management"
"930","9218","2023-06-01","Annual Checkup","All clear, healthy diet recommended"
"931","3026","2023-05-12","Injury","Minor surgery performed, recovery monitored"
"932","4834","2023-09-17","Injury","Minor surgery performed, recovery monitored"
"933","2178","2023-09-15","Dental Cleaning","Cleaning done, no dental issues"
"934","7485","2022-08-11","Annual Checkup","All clear, healthy diet recommended"
"935","9136","2022-04-15","Annual Checkup","All clear, healthy diet recommended"
"936","3228","2023-07-30","Injury","Physical therapy recommended for joint issues"
"937","9163","2023-01-20","Annual Checkup","Vaccination completed, next due in 1 year"
"938","2805","2022-05-28","Injury","Sprain identified, rest and limited movement advised"
"939","8070","2022-09-14","Injury","Physical therapy recommended for joint issues"